MONTH,DAY_OF_MONTH,DAY_OF_WEEK,OP_UNIQUE_CARRIER,ORIGIN,ORIGIN_STATE_ABR,DEST,DEST_STATE_ABR,CRS_DEP_TIME,DEP_DELAY,DEP_DELAY_NEW,DEP_DEL15,DEP_DELAY_GROUP,CRS_ARR_TIME,CRS_ELAPSED_TIME,DISTANCE,DISTANCE_GROUP,HourlyDewPointTemperature,HourlyDryBulbTemperature,HourlyRelativeHumidity,HourlyVisibility,HourlyWindSpeed
6,5,4,AA,GEG,WA,DFW,TX,5.9,-10.0,0.0,0.0,-1.0,11.42,211.0,1477.0,6,43.0,56.0,62.0,10.0,3.0
6,5,4,AA,GEG,WA,DFW,TX,12.58,2.0,2.0,0.0,0.0,18.08,210.0,1477.0,6,36.0,78.0,22.0,10.0,7.0
6,5,4,AA,GEG,WA,ORD,IL,13.85,-10.0,0.0,0.0,-1.0,19.58,224.0,1498.0,6,34.0,77.0,21.0,10.0,0.0
6,5,4,AA,GEG,WA,PHX,AZ,15.17,3.0,3.0,0.0,0.0,17.73,154.0,1020.0,5,30.0,79.0,17.0,10.0,7.0
6,5,4,AA,SEA,WA,CLT,NC,5.5,-12.0,0.0,0.0,-1.0,13.55,303.0,2279.0,10,51.0,52.0,97.0,2.0,0.0
6,5,4,AA,SEA,WA,CLT,NC,7.2,-9.0,0.0,0.0,-1.0,15.25,303.0,2279.0,10,51.0,57.0,81.0,10.0,6.0
6,5,4,AA,SEA,WA,CLT,NC,13.52,48.0,48.0,1.0,3.0,21.73,313.0,2279.0,10,49.0,73.0,43.0,10.0,8.0
6,5,4,AA,SEA,WA,CLT,NC,21.83,8.0,8.0,0.0,0.0,5.9,304.0,2279.0,10,50.0,66.0,56.0,10.0,11.0
6,5,4,AA,SEA,WA,CLT,NC,23.92,-5.0,0.0,0.0,-1.0,7.98,304.0,2279.0,10,50.0,65.0,59.0,10.0,9.0
6,5,4,AA,SEA,WA,DFW,TX,5.53,-11.0,0.0,0.0,-1.0,11.45,235.0,1660.0,7,51.0,52.0,97.0,2.0,0.0
6,5,4,AA,SEA,WA,DFW,TX,7.83,-8.0,0.0,0.0,-1.0,13.72,233.0,1660.0,7,51.0,57.0,81.0,10.0,6.0
6,5,4,AA,SEA,WA,DFW,TX,10.15,9.0,9.0,0.0,0.0,16.18,242.0,1660.0,7,53.0,65.0,66.0,10.0,9.0
6,5,4,AA,SEA,WA,DFW,TX,11.73,18.0,18.0,1.0,1.0,17.83,246.0,1660.0,7,52.0,68.0,57.0,10.0,9.0
6,5,4,AA,SEA,WA,DFW,TX,13.58,-1.0,0.0,0.0,-1.0,19.65,244.0,1660.0,7,49.0,73.0,43.0,10.0,8.0
6,5,4,AA,SEA,WA,DFW,TX,15.67,14.0,14.0,0.0,0.0,21.73,244.0,1660.0,7,50.0,75.0,41.0,10.0,11.0
6,5,4,AA,SEA,WA,DFW,TX,17.72,20.0,20.0,1.0,1.0,23.78,244.0,1660.0,7,49.0,75.0,40.0,10.0,14.0
6,5,4,AA,SEA,WA,DFW,TX,23.53,31.0,31.0,1.0,2.0,5.4,232.0,1660.0,7,50.0,65.0,59.0,10.0,9.0
6,5,4,AA,SEA,WA,MIA,FL,20.02,27.0,27.0,1.0,1.0,5.0,359.0,2724.0,11,51.0,66.0,59.0,10.0,8.0
6,5,4,AA,SEA,WA,ORD,IL,0.08,-8.0,0.0,0.0,-1.0,6.08,240.0,1721.0,7,50.0,53.0,89.0,10.0,3.0
6,5,4,AA,SEA,WA,ORD,IL,6.4,-5.0,0.0,0.0,-1.0,12.47,244.0,1721.0,7,51.0,54.0,90.0,5.0,0.0
6,5,4,AA,SEA,WA,ORD,IL,10.9,-7.0,0.0,0.0,-1.0,17.05,249.0,1721.0,7,53.0,65.0,66.0,10.0,9.0
6,5,4,AA,SEA,WA,ORD,IL,13.48,172.0,172.0,1.0,11.0,19.7,253.0,1721.0,7,49.0,73.0,43.0,10.0,8.0
6,5,4,AA,SEA,WA,ORD,IL,15.17,14.0,14.0,0.0,0.0,21.28,247.0,1721.0,7,50.0,75.0,41.0,10.0,11.0
6,5,4,AA,SEA,WA,PHL,PA,12.2,-5.0,0.0,0.0,-1.0,20.42,313.0,2378.0,10,51.0,71.0,49.0,10.0,13.0
6,5,4,AA,SEA,WA,PHL,PA,22.68,-11.0,0.0,0.0,-1.0,6.8,307.0,2378.0,10,51.0,66.0,59.0,10.0,8.0
6,5,4,AS,GEG,WA,LAX,CA,7.17,-5.0,0.0,0.0,-1.0,9.88,163.0,945.0,4,43.0,63.0,48.0,10.0,5.0
6,5,4,AS,GEG,WA,PDX,OR,5.1,-10.0,0.0,0.0,-1.0,6.3,72.0,279.0,2,43.0,56.0,62.0,10.0,3.0
6,5,4,AS,GEG,WA,PDX,OR,12.45,19.0,19.0,1.0,1.0,13.55,66.0,279.0,2,36.0,78.0,22.0,10.0,7.0
6,5,4,AS,GEG,WA,SAN,CA,7.0,-10.0,0.0,0.0,-1.0,9.83,170.0,1027.0,5,43.0,63.0,48.0,10.0,5.0
6,5,4,AS,GEG,WA,SEA,WA,6.0,-6.0,0.0,0.0,-1.0,7.18,71.0,224.0,1,43.0,58.0,58.0,10.0,5.0
6,5,4,AS,GEG,WA,SEA,WA,9.5,35.0,35.0,1.0,2.0,10.65,69.0,224.0,1,40.0,72.0,31.0,10.0,3.0
6,5,4,AS,GEG,WA,SEA,WA,13.67,8.0,8.0,0.0,0.0,14.83,70.0,224.0,1,34.0,77.0,21.0,10.0,0.0
6,5,4,AS,GEG,WA,SEA,WA,17.82,41.0,41.0,1.0,2.0,19.0,71.0,224.0,1,32.0,78.0,19.0,10.0,0.0
6,5,4,AS,PAE,WA,LAS,NV,9.68,-10.0,0.0,0.0,-1.0,12.17,149.0,894.0,4,53.0,61.0,75.0,10.0,7.0
6,5,4,AS,PAE,WA,PHX,AZ,11.63,-10.0,0.0,0.0,-1.0,14.35,163.0,1133.0,5,50.0,65.0,59.0,10.0,9.0
6,5,4,AS,PAE,WA,PHX,AZ,17.08,-15.0,0.0,0.0,-1.0,19.8,163.0,1133.0,5,53.0,67.0,61.0,10.0,8.0
6,5,4,AS,PSC,WA,SEA,WA,8.33,49.0,49.0,1.0,3.0,9.42,65.0,172.0,1,49.0,71.0,46.0,10.0,5.0
6,5,4,AS,SEA,WA,ABQ,NM,11.83,224.0,224.0,1.0,12.0,15.73,174.0,1180.0,5,52.0,68.0,57.0,10.0,9.0
6,5,4,AS,SEA,WA,ABQ,NM,20.08,-7.0,0.0,0.0,-1.0,0.1,181.0,1180.0,5,51.0,66.0,59.0,10.0,8.0
6,5,4,AS,SEA,WA,ANC,AK,6.0,-6.0,0.0,0.0,-1.0,8.57,214.0,1448.0,6,51.0,54.0,90.0,5.0,0.0
6,5,4,AS,SEA,WA,ANC,AK,7.0,6.0,6.0,0.0,0.0,9.67,220.0,1448.0,6,51.0,57.0,81.0,10.0,6.0
6,5,4,AS,SEA,WA,ANC,AK,8.08,21.0,21.0,1.0,1.0,10.73,219.0,1448.0,6,52.0,58.0,81.0,10.0,5.0
6,5,4,AS,SEA,WA,ANC,AK,9.0,0.0,0.0,0.0,0.0,11.67,220.0,1448.0,6,52.0,61.0,72.0,10.0,7.0
6,5,4,AS,SEA,WA,ANC,AK,9.75,20.0,20.0,1.0,1.0,12.42,220.0,1448.0,6,52.0,61.0,72.0,10.0,7.0
6,5,4,AS,SEA,WA,ANC,AK,10.58,11.0,11.0,0.0,0.0,13.17,215.0,1448.0,6,53.0,65.0,66.0,10.0,9.0
6,5,4,AS,SEA,WA,ANC,AK,11.67,21.0,21.0,1.0,1.0,14.33,220.0,1448.0,6,52.0,68.0,57.0,10.0,9.0
6,5,4,AS,SEA,WA,ANC,AK,12.83,6.0,6.0,0.0,0.0,15.5,220.0,1448.0,6,51.0,71.0,49.0,10.0,13.0
6,5,4,AS,SEA,WA,ANC,AK,13.98,23.0,23.0,1.0,1.0,16.57,215.0,1448.0,6,49.0,73.0,43.0,10.0,8.0
6,5,4,AS,SEA,WA,ANC,AK,14.83,1.0,1.0,0.0,0.0,17.43,216.0,1448.0,6,49.0,75.0,40.0,10.0,8.0
6,5,4,AS,SEA,WA,ANC,AK,15.83,18.0,18.0,1.0,1.0,18.38,213.0,1448.0,6,50.0,75.0,41.0,10.0,11.0
6,5,4,AS,SEA,WA,ANC,AK,17.2,-1.0,0.0,0.0,-1.0,19.8,216.0,1448.0,6,49.0,75.0,40.0,10.0,14.0
6,5,4,AS,SEA,WA,ANC,AK,17.98,45.0,45.0,1.0,3.0,20.58,216.0,1448.0,6,49.0,75.0,40.0,10.0,14.0
6,5,4,AS,SEA,WA,ANC,AK,18.98,-6.0,0.0,0.0,-1.0,21.6,217.0,1448.0,6,48.0,73.0,41.0,10.0,8.0
6,5,4,AS,SEA,WA,ANC,AK,20.75,9.0,9.0,0.0,0.0,23.33,215.0,1448.0,6,51.0,66.0,59.0,10.0,8.0
6,5,4,AS,SEA,WA,ANC,AK,21.33,43.0,43.0,1.0,2.0,23.97,218.0,1448.0,6,50.0,66.0,56.0,10.0,11.0
6,5,4,AS,SEA,WA,ANC,AK,23.98,35.0,35.0,1.0,2.0,2.52,212.0,1448.0,6,50.0,65.0,59.0,10.0,9.0
6,5,4,AS,SEA,WA,ATL,GA,9.0,46.0,46.0,1.0,3.0,16.93,296.0,2182.0,9,52.0,61.0,72.0,10.0,7.0
6,5,4,AS,SEA,WA,ATL,GA,16.07,-6.0,0.0,0.0,-1.0,23.98,295.0,2182.0,9,50.0,77.0,39.0,10.0,10.0
6,5,4,AS,SEA,WA,ATL,GA,23.98,64.0,64.0,1.0,4.0,7.82,290.0,2182.0,9,50.0,65.0,59.0,10.0,9.0
6,5,4,AS,SEA,WA,AUS,TX,8.92,-7.0,0.0,0.0,-1.0,15.13,253.0,1770.0,8,52.0,58.0,81.0,10.0,5.0
6,5,4,AS,SEA,WA,AUS,TX,11.73,10.0,10.0,0.0,0.0,17.98,255.0,1770.0,8,52.0,68.0,57.0,10.0,9.0
6,5,4,AS,SEA,WA,AUS,TX,17.87,0.0,0.0,0.0,0.0,23.98,247.0,1770.0,8,49.0,75.0,40.0,10.0,14.0
6,5,4,AS,SEA,WA,AUS,TX,23.98,24.0,24.0,1.0,1.0,6.08,246.0,1770.0,8,50.0,65.0,59.0,10.0,9.0
6,5,4,AS,SEA,WA,BNA,TN,10.28,52.0,52.0,1.0,3.0,16.83,273.0,1978.0,8,53.0,65.0,66.0,10.0,9.0
6,5,4,AS,SEA,WA,BNA,TN,17.67,18.0,18.0,1.0,1.0,23.98,259.0,1978.0,8,49.0,75.0,40.0,10.0,14.0
6,5,4,AS,SEA,WA,BNA,TN,23.32,13.0,13.0,0.0,0.0,5.67,261.0,1978.0,8,50.0,65.0,59.0,10.0,9.0
6,5,4,AS,SEA,WA,BOI,ID,12.62,23.0,23.0,1.0,1.0,15.1,89.0,399.0,2,51.0,71.0,49.0,10.0,13.0
6,5,4,AS,SEA,WA,BOI,ID,20.25,92.0,92.0,1.0,6.0,22.7,87.0,399.0,2,51.0,66.0,59.0,10.0,8.0
6,5,4,AS,SEA,WA,BOS,MA,8.22,-5.0,0.0,0.0,-1.0,16.75,332.0,2496.0,10,52.0,58.0,81.0,10.0,5.0
6,5,4,AS,SEA,WA,BOS,MA,10.43,-5.0,0.0,0.0,-1.0,18.98,333.0,2496.0,10,53.0,65.0,66.0,10.0,9.0
6,5,4,AS,SEA,WA,BOS,MA,15.67,3.0,3.0,0.0,0.0,0.1,326.0,2496.0,10,50.0,75.0,41.0,10.0,11.0
6,5,4,AS,SEA,WA,BOS,MA,23.0,7.0,7.0,0.0,0.0,7.33,320.0,2496.0,10,50.0,65.0,59.0,10.0,9.0
6,5,4,AS,SEA,WA,BUR,CA,7.33,-6.0,0.0,0.0,-1.0,9.83,150.0,937.0,4,51.0,57.0,81.0,10.0,6.0
6,5,4,AS,SEA,WA,BUR,CA,9.83,19.0,19.0,1.0,1.0,12.35,151.0,937.0,4,52.0,61.0,72.0,10.0,7.0
6,5,4,AS,SEA,WA,BUR,CA,13.93,8.0,8.0,0.0,0.0,16.45,151.0,937.0,4,49.0,73.0,43.0,10.0,8.0
6,5,4,AS,SEA,WA,BUR,CA,15.75,-1.0,0.0,0.0,-1.0,18.28,152.0,937.0,4,50.0,75.0,41.0,10.0,11.0
6,5,4,AS,SEA,WA,BUR,CA,19.48,-11.0,0.0,0.0,-1.0,21.98,150.0,937.0,4,50.0,69.0,51.0,10.0,9.0
6,5,4,AS,SEA,WA,BWI,MD,9.93,6.0,6.0,0.0,0.0,18.08,309.0,2335.0,10,52.0,61.0,72.0,10.0,7.0
6,5,4,AS,SEA,WA,BWI,MD,22.45,-4.0,0.0,0.0,-1.0,6.48,302.0,2335.0,10,51.0,66.0,59.0,10.0,8.0
6,5,4,AS,SEA,WA,BZN,MT,12.43,10.0,10.0,0.0,0.0,15.08,99.0,543.0,3,51.0,71.0,49.0,10.0,13.0
6,5,4,AS,SEA,WA,BZN,MT,16.0,11.0,11.0,0.0,0.0,18.63,98.0,543.0,3,50.0,77.0,39.0,10.0,10.0
6,5,4,AS,SEA,WA,CHS,SC,9.5,26.0,26.0,1.0,1.0,17.85,321.0,2415.0,10,52.0,61.0,72.0,10.0,7.0
6,5,4,AS,SEA,WA,CLE,OH,10.35,3.0,3.0,0.0,0.0,18.02,280.0,2021.0,9,53.0,65.0,66.0,10.0,9.0
6,5,4,AS,SEA,WA,CLE,OH,21.67,25.0,25.0,1.0,1.0,5.5,290.0,2021.0,9,50.0,66.0,56.0,10.0,11.0
6,5,4,AS,SEA,WA,CMH,OH,10.15,-8.0,0.0,0.0,-1.0,17.62,268.0,2016.0,9,53.0,65.0,66.0,10.0,9.0
6,5,4,AS,SEA,WA,CMH,OH,21.75,-3.0,0.0,0.0,-1.0,5.22,268.0,2016.0,9,50.0,66.0,56.0,10.0,11.0
6,5,4,AS,SEA,WA,CVG,KY,10.17,-2.0,0.0,0.0,-1.0,17.67,270.0,1965.0,8,53.0,65.0,66.0,10.0,9.0
6,5,4,AS,SEA,WA,DCA,VA,8.5,41.0,41.0,1.0,2.0,16.73,314.0,2329.0,10,52.0,58.0,81.0,10.0,5.0
6,5,4,AS,SEA,WA,DCA,VA,13.8,-2.0,0.0,0.0,-1.0,21.98,311.0,2329.0,10,49.0,73.0,43.0,10.0,8.0
6,5,4,AS,SEA,WA,DEN,CO,8.3,29.0,29.0,1.0,1.0,12.0,162.0,1024.0,5,52.0,58.0,81.0,10.0,5.0
6,5,4,AS,SEA,WA,DEN,CO,10.25,-3.0,0.0,0.0,-1.0,13.97,163.0,1024.0,5,53.0,65.0,66.0,10.0,9.0
6,5,4,AS,SEA,WA,DEN,CO,13.15,79.0,79.0,1.0,5.0,16.82,160.0,1024.0,5,49.0,73.0,43.0,10.0,8.0
6,5,4,AS,SEA,WA,DEN,CO,17.92,129.0,129.0,1.0,8.0,21.63,163.0,1024.0,5,49.0,75.0,40.0,10.0,14.0
6,5,4,AS,SEA,WA,DEN,CO,20.38,31.0,31.0,1.0,2.0,0.08,162.0,1024.0,5,51.0,66.0,59.0,10.0,8.0
6,5,4,AS,SEA,WA,DFW,TX,0.57,-8.0,0.0,0.0,-1.0,6.33,226.0,1660.0,7,50.0,53.0,89.0,10.0,3.0
6,5,4,AS,SEA,WA,DFW,TX,6.0,-8.0,0.0,0.0,-1.0,11.92,235.0,1660.0,7,51.0,54.0,90.0,5.0,0.0
6,5,4,AS,SEA,WA,DFW,TX,8.25,2.0,2.0,0.0,0.0,14.28,242.0,1660.0,7,52.0,58.0,81.0,10.0,5.0
6,5,4,AS,SEA,WA,DFW,TX,9.83,46.0,46.0,1.0,3.0,15.88,243.0,1660.0,7,52.0,61.0,72.0,10.0,7.0
6,5,4,AS,SEA,WA,DFW,TX,12.5,10.0,10.0,0.0,0.0,18.55,243.0,1660.0,7,51.0,71.0,49.0,10.0,13.0
6,5,4,AS,SEA,WA,DFW,TX,17.98,50.0,50.0,1.0,3.0,23.98,240.0,1660.0,7,49.0,75.0,40.0,10.0,14.0
6,5,4,AS,SEA,WA,DTW,MI,8.5,28.0,28.0,1.0,1.0,15.88,263.0,1927.0,8,52.0,58.0,81.0,10.0,5.0
6,5,4,AS,SEA,WA,DTW,MI,21.75,20.0,20.0,1.0,1.0,5.23,269.0,1927.0,8,50.0,66.0,56.0,10.0,11.0
6,5,4,AS,SEA,WA,EUG,OR,11.4,43.0,43.0,1.0,2.0,12.62,73.0,234.0,1,52.0,68.0,57.0,10.0,9.0
6,5,4,AS,SEA,WA,EUG,OR,22.75,7.0,7.0,0.0,0.0,23.92,70.0,234.0,1,51.0,66.0,59.0,10.0,8.0
6,5,4,AS,SEA,WA,EWR,NJ,10.08,5.0,5.0,0.0,0.0,18.48,324.0,2402.0,10,53.0,65.0,66.0,10.0,9.0
6,5,4,AS,SEA,WA,EWR,NJ,21.67,-2.0,0.0,0.0,-1.0,5.98,319.0,2402.0,10,50.0,66.0,56.0,10.0,11.0
6,5,4,AS,SEA,WA,FAI,AK,9.83,15.0,15.0,1.0,1.0,12.67,230.0,1533.0,7,52.0,61.0,72.0,10.0,7.0
6,5,4,AS,SEA,WA,FAI,AK,12.0,64.0,64.0,1.0,4.0,14.83,230.0,1533.0,7,51.0,71.0,49.0,10.0,13.0
6,5,4,AS,SEA,WA,FAI,AK,17.37,2.0,2.0,0.0,0.0,20.07,222.0,1533.0,7,49.0,75.0,40.0,10.0,14.0
6,5,4,AS,SEA,WA,FAI,AK,21.67,-3.0,0.0,0.0,-1.0,0.4,224.0,1533.0,7,50.0,66.0,56.0,10.0,11.0
6,5,4,AS,SEA,WA,FAI,AK,23.67,4.0,4.0,0.0,0.0,2.33,220.0,1533.0,7,50.0,65.0,59.0,10.0,9.0
6,5,4,AS,SEA,WA,FAT,CA,16.58,-7.0,0.0,0.0,-1.0,18.72,128.0,748.0,3,50.0,77.0,39.0,10.0,10.0
6,5,4,AS,SEA,WA,FLL,FL,8.42,-7.0,0.0,0.0,-1.0,17.45,362.0,2717.0,11,52.0,58.0,81.0,10.0,5.0
6,5,4,AS,SEA,WA,GEG,WA,11.57,13.0,13.0,0.0,0.0,12.75,71.0,224.0,1,52.0,68.0,57.0,10.0,9.0
6,5,4,AS,SEA,WA,GEG,WA,15.85,29.0,29.0,1.0,1.0,16.9,63.0,224.0,1,50.0,75.0,41.0,10.0,11.0
6,5,4,AS,SEA,WA,GEG,WA,20.15,7.0,7.0,0.0,0.0,21.18,62.0,224.0,1,51.0,66.0,59.0,10.0,8.0
6,5,4,AS,SEA,WA,GEG,WA,22.82,1.0,1.0,0.0,0.0,23.9,65.0,224.0,1,51.0,66.0,59.0,10.0,8.0
6,5,4,AS,SEA,WA,HNL,HI,10.33,6.0,6.0,0.0,0.0,13.57,374.0,2677.0,11,53.0,65.0,66.0,10.0,9.0
6,5,4,AS,SEA,WA,HNL,HI,19.92,-1.0,0.0,0.0,-1.0,23.12,372.0,2677.0,11,50.0,69.0,51.0,10.0,9.0
6,5,4,AS,SEA,WA,IAD,VA,9.3,-1.0,0.0,0.0,-1.0,17.25,297.0,2306.0,10,52.0,61.0,72.0,10.0,7.0
6,5,4,AS,SEA,WA,IAD,VA,16.0,-9.0,0.0,0.0,-1.0,23.98,299.0,2306.0,10,50.0,77.0,39.0,10.0,10.0
6,5,4,AS,SEA,WA,IAD,VA,23.5,3.0,3.0,0.0,0.0,7.6,306.0,2306.0,10,50.0,65.0,59.0,10.0,9.0
6,5,4,AS,SEA,WA,IAH,TX,11.5,32.0,32.0,1.0,2.0,18.23,284.0,1874.0,8,52.0,68.0,57.0,10.0,9.0
6,5,4,AS,SEA,WA,IAH,TX,17.77,4.0,4.0,0.0,0.0,23.98,253.0,1874.0,8,49.0,75.0,40.0,10.0,14.0
6,5,4,AS,SEA,WA,IAH,TX,23.98,5.0,5.0,0.0,0.0,6.33,261.0,1874.0,8,50.0,65.0,59.0,10.0,9.0
6,5,4,AS,SEA,WA,IND,IN,10.42,112.0,112.0,1.0,7.0,17.62,252.0,1866.0,8,53.0,65.0,66.0,10.0,9.0
6,5,4,AS,SEA,WA,IND,IN,23.98,27.0,27.0,1.0,1.0,7.12,248.0,1866.0,8,50.0,65.0,59.0,10.0,9.0
6,5,4,AS,SEA,WA,JFK,NY,7.93,7.0,7.0,0.0,0.0,16.48,333.0,2422.0,10,51.0,57.0,81.0,10.0,6.0
6,5,4,AS,SEA,WA,JFK,NY,10.92,73.0,73.0,1.0,4.0,19.48,334.0,2422.0,10,53.0,65.0,66.0,10.0,9.0
6,5,4,AS,SEA,WA,JFK,NY,14.62,36.0,36.0,1.0,2.0,22.98,322.0,2422.0,10,49.0,75.0,40.0,10.0,8.0
6,5,4,AS,SEA,WA,JFK,NY,21.67,9.0,9.0,0.0,0.0,6.15,329.0,2422.0,10,50.0,66.0,56.0,10.0,11.0
6,5,4,AS,SEA,WA,JNU,AK,7.0,-9.0,0.0,0.0,-1.0,8.57,154.0,909.0,4,51.0,57.0,81.0,10.0,6.0
6,5,4,AS,SEA,WA,JNU,AK,9.98,-9.0,0.0,0.0,-1.0,11.55,154.0,909.0,4,52.0,61.0,72.0,10.0,7.0
6,5,4,AS,SEA,WA,JNU,AK,11.55,32.0,32.0,1.0,2.0,13.12,154.0,909.0,4,52.0,68.0,57.0,10.0,9.0
6,5,4,AS,SEA,WA,JNU,AK,13.67,-6.0,0.0,0.0,-1.0,15.17,150.0,909.0,4,49.0,73.0,43.0,10.0,8.0
6,5,4,AS,SEA,WA,JNU,AK,22.75,38.0,38.0,1.0,2.0,0.18,146.0,909.0,4,51.0,66.0,59.0,10.0,8.0
6,5,4,AS,SEA,WA,KOA,HI,10.3,18.0,18.0,1.0,1.0,13.57,376.0,2688.0,11,53.0,65.0,66.0,10.0,9.0
6,5,4,AS,SEA,WA,KOA,HI,12.07,5.0,5.0,0.0,0.0,15.33,376.0,2688.0,11,51.0,71.0,49.0,10.0,13.0
6,5,4,AS,SEA,WA,KOA,HI,18.98,5.0,5.0,0.0,0.0,22.25,376.0,2688.0,11,48.0,73.0,41.0,10.0,8.0
6,5,4,AS,SEA,WA,KTN,AK,7.33,-14.0,0.0,0.0,-1.0,8.43,126.0,680.0,3,51.0,57.0,81.0,10.0,6.0
6,5,4,AS,SEA,WA,KTN,AK,11.85,14.0,14.0,0.0,0.0,12.95,126.0,680.0,3,52.0,68.0,57.0,10.0,9.0
6,5,4,AS,SEA,WA,KTN,AK,15.58,89.0,89.0,1.0,5.0,16.62,122.0,680.0,3,50.0,75.0,41.0,10.0,11.0
6,5,4,AS,SEA,WA,KTN,AK,18.7,-8.0,0.0,0.0,-1.0,19.75,123.0,680.0,3,48.0,73.0,41.0,10.0,8.0
6,5,4,AS,SEA,WA,LAS,NV,8.02,-7.0,0.0,0.0,-1.0,10.52,150.0,867.0,4,52.0,58.0,81.0,10.0,5.0
6,5,4,AS,SEA,WA,LAS,NV,10.42,5.0,5.0,0.0,0.0,12.95,152.0,867.0,4,53.0,65.0,66.0,10.0,9.0
6,5,4,AS,SEA,WA,LAS,NV,14.8,52.0,52.0,1.0,3.0,17.32,151.0,867.0,4,49.0,75.0,40.0,10.0,8.0
6,5,4,AS,SEA,WA,LAS,NV,16.83,43.0,43.0,1.0,2.0,19.33,150.0,867.0,4,50.0,77.0,39.0,10.0,10.0
6,5,4,AS,SEA,WA,LAS,NV,17.9,20.0,20.0,1.0,1.0,20.42,151.0,867.0,4,49.0,75.0,40.0,10.0,14.0
6,5,4,AS,SEA,WA,LAS,NV,19.93,44.0,44.0,1.0,2.0,22.43,150.0,867.0,4,50.0,69.0,51.0,10.0,9.0
6,5,4,AS,SEA,WA,LAS,NV,21.45,19.0,19.0,1.0,1.0,23.98,152.0,867.0,4,50.0,66.0,56.0,10.0,11.0
6,5,4,AS,SEA,WA,LAX,CA,6.0,23.0,23.0,1.0,1.0,8.58,155.0,954.0,4,51.0,54.0,90.0,5.0,0.0
6,5,4,AS,SEA,WA,LAX,CA,7.0,-6.0,0.0,0.0,-1.0,9.75,165.0,954.0,4,51.0,57.0,81.0,10.0,6.0
6,5,4,AS,SEA,WA,LAX,CA,8.08,-5.0,0.0,0.0,-1.0,10.83,165.0,954.0,4,52.0,58.0,81.0,10.0,5.0
6,5,4,AS,SEA,WA,LAX,CA,10.2,10.0,10.0,0.0,0.0,12.97,166.0,954.0,4,53.0,65.0,66.0,10.0,9.0
6,5,4,AS,SEA,WA,LAX,CA,12.0,14.0,14.0,0.0,0.0,14.77,166.0,954.0,4,51.0,71.0,49.0,10.0,13.0
6,5,4,AS,SEA,WA,LAX,CA,14.5,-4.0,0.0,0.0,-1.0,17.25,165.0,954.0,4,49.0,75.0,40.0,10.0,8.0
6,5,4,AS,SEA,WA,LAX,CA,16.0,-11.0,0.0,0.0,-1.0,18.75,165.0,954.0,4,50.0,77.0,39.0,10.0,10.0
6,5,4,AS,SEA,WA,LAX,CA,17.72,26.0,26.0,1.0,1.0,20.47,165.0,954.0,4,49.0,75.0,40.0,10.0,14.0
6,5,4,AS,SEA,WA,LAX,CA,18.87,-7.0,0.0,0.0,-1.0,21.63,166.0,954.0,4,48.0,73.0,41.0,10.0,8.0
6,5,4,AS,SEA,WA,LAX,CA,19.92,-5.0,0.0,0.0,-1.0,22.65,164.0,954.0,4,50.0,69.0,51.0,10.0,9.0
6,5,4,AS,SEA,WA,LAX,CA,21.25,49.0,49.0,1.0,3.0,23.98,164.0,954.0,4,50.0,66.0,56.0,10.0,11.0
6,5,4,AS,SEA,WA,LIH,HI,8.58,-2.0,0.0,0.0,-1.0,11.77,371.0,2701.0,11,52.0,58.0,81.0,10.0,5.0
6,5,4,AS,SEA,WA,LIH,HI,18.27,11.0,11.0,0.0,0.0,21.55,377.0,2701.0,11,48.0,73.0,41.0,10.0,8.0
6,5,4,AS,SEA,WA,MCI,MO,9.07,-9.0,0.0,0.0,-1.0,14.6,212.0,1489.0,6,52.0,61.0,72.0,10.0,7.0
6,5,4,AS,SEA,WA,MCI,MO,12.58,3.0,3.0,0.0,0.0,18.12,212.0,1489.0,6,51.0,71.0,49.0,10.0,13.0
6,5,4,AS,SEA,WA,MCI,MO,18.08,-3.0,0.0,0.0,-1.0,23.63,213.0,1489.0,6,48.0,73.0,41.0,10.0,8.0
6,5,4,AS,SEA,WA,MCO,FL,7.92,13.0,13.0,0.0,0.0,16.83,355.0,2554.0,11,51.0,57.0,81.0,10.0,6.0
6,5,4,AS,SEA,WA,MCO,FL,15.72,19.0,19.0,1.0,1.0,0.42,342.0,2554.0,11,50.0,75.0,41.0,10.0,11.0
6,5,4,AS,SEA,WA,MCO,FL,23.08,34.0,34.0,1.0,2.0,7.65,334.0,2554.0,11,50.0,65.0,59.0,10.0,9.0
6,5,4,AS,SEA,WA,MIA,FL,8.42,6.0,6.0,0.0,0.0,17.35,356.0,2724.0,11,52.0,58.0,81.0,10.0,5.0
6,5,4,AS,SEA,WA,MKE,WI,7.98,-2.0,0.0,0.0,-1.0,13.87,233.0,1694.0,7,51.0,57.0,81.0,10.0,6.0
6,5,4,AS,SEA,WA,MKE,WI,18.17,47.0,47.0,1.0,3.0,23.98,229.0,1694.0,7,48.0,73.0,41.0,10.0,8.0
6,5,4,AS,SEA,WA,MSO,MT,11.83,38.0,38.0,1.0,2.0,14.35,91.0,389.0,2,52.0,68.0,57.0,10.0,9.0
6,5,4,AS,SEA,WA,MSP,MN,7.93,202.0,202.0,1.0,12.0,13.35,205.0,1399.0,6,51.0,57.0,81.0,10.0,6.0
6,5,4,AS,SEA,WA,MSP,MN,10.42,4.0,4.0,0.0,0.0,15.85,206.0,1399.0,6,53.0,65.0,66.0,10.0,9.0
6,5,4,AS,SEA,WA,MSP,MN,18.62,-5.0,0.0,0.0,-1.0,23.98,202.0,1399.0,6,48.0,73.0,41.0,10.0,8.0
6,5,4,AS,SEA,WA,MSY,LA,10.07,31.0,31.0,1.0,2.0,16.77,282.0,2086.0,9,53.0,65.0,66.0,10.0,9.0
6,5,4,AS,SEA,WA,MSY,LA,23.27,1.0,1.0,0.0,0.0,6.02,285.0,2086.0,9,50.0,65.0,59.0,10.0,9.0
6,5,4,AS,SEA,WA,OAK,CA,11.48,5.0,5.0,0.0,0.0,13.6,127.0,672.0,3,52.0,68.0,57.0,10.0,9.0
6,5,4,AS,SEA,WA,OAK,CA,20.07,22.0,22.0,1.0,1.0,22.18,127.0,672.0,3,51.0,66.0,59.0,10.0,8.0
6,5,4,AS,SEA,WA,OGG,HI,9.0,-8.0,0.0,0.0,-1.0,12.18,371.0,2640.0,11,52.0,61.0,72.0,10.0,7.0
6,5,4,AS,SEA,WA,OGG,HI,11.58,48.0,48.0,1.0,3.0,14.85,376.0,2640.0,11,52.0,68.0,57.0,10.0,9.0
6,5,4,AS,SEA,WA,OGG,HI,18.95,71.0,71.0,1.0,4.0,22.22,376.0,2640.0,11,48.0,73.0,41.0,10.0,8.0
6,5,4,AS,SEA,WA,OKC,OK,8.15,-1.0,0.0,0.0,-1.0,13.78,218.0,1519.0,7,52.0,58.0,81.0,10.0,5.0
6,5,4,AS,SEA,WA,OMA,NE,9.92,20.0,20.0,1.0,1.0,15.23,199.0,1368.0,6,52.0,61.0,72.0,10.0,7.0
6,5,4,AS,SEA,WA,OMA,NE,18.98,-5.0,0.0,0.0,-1.0,0.2,193.0,1368.0,6,48.0,73.0,41.0,10.0,8.0
6,5,4,AS,SEA,WA,ONT,CA,8.43,59.0,59.0,1.0,3.0,10.95,151.0,956.0,4,52.0,58.0,81.0,10.0,5.0
6,5,4,AS,SEA,WA,ONT,CA,13.3,12.0,12.0,0.0,0.0,15.83,152.0,956.0,4,49.0,73.0,43.0,10.0,8.0
6,5,4,AS,SEA,WA,ONT,CA,15.88,24.0,24.0,1.0,1.0,18.42,152.0,956.0,4,50.0,75.0,41.0,10.0,11.0
6,5,4,AS,SEA,WA,ONT,CA,20.25,5.0,5.0,0.0,0.0,22.77,151.0,956.0,4,51.0,66.0,59.0,10.0,8.0
6,5,4,AS,SEA,WA,ORD,IL,8.07,24.0,24.0,1.0,1.0,14.3,254.0,1721.0,7,52.0,58.0,81.0,10.0,5.0
6,5,4,AS,SEA,WA,ORD,IL,10.83,20.0,20.0,1.0,1.0,17.03,252.0,1721.0,7,53.0,65.0,66.0,10.0,9.0
6,5,4,AS,SEA,WA,ORD,IL,12.67,25.0,25.0,1.0,1.0,18.92,255.0,1721.0,7,51.0,71.0,49.0,10.0,13.0
6,5,4,AS,SEA,WA,ORD,IL,16.32,-6.0,0.0,0.0,-1.0,22.38,244.0,1721.0,7,50.0,77.0,39.0,10.0,10.0
6,5,4,AS,SEA,WA,ORD,IL,17.92,7.0,7.0,0.0,0.0,23.98,244.0,1721.0,7,49.0,75.0,40.0,10.0,14.0
6,5,4,AS,SEA,WA,ORD,IL,23.67,0.0,0.0,0.0,0.0,5.67,240.0,1721.0,7,50.0,65.0,59.0,10.0,9.0
6,5,4,AS,SEA,WA,PDX,OR,11.33,48.0,48.0,1.0,3.0,12.3,58.0,129.0,1,52.0,68.0,57.0,10.0,9.0
6,5,4,AS,SEA,WA,PHL,PA,9.67,-2.0,0.0,0.0,-1.0,17.9,314.0,2378.0,10,52.0,61.0,72.0,10.0,7.0
6,5,4,AS,SEA,WA,PHL,PA,21.42,-2.0,0.0,0.0,-1.0,5.67,315.0,2378.0,10,50.0,66.0,56.0,10.0,11.0
6,5,4,AS,SEA,WA,PHX,AZ,7.93,-5.0,0.0,0.0,-1.0,10.8,172.0,1107.0,5,51.0,57.0,81.0,10.0,6.0
6,5,4,AS,SEA,WA,PHX,AZ,9.98,-6.0,0.0,0.0,-1.0,12.85,172.0,1107.0,5,52.0,61.0,72.0,10.0,7.0
6,5,4,AS,SEA,WA,PHX,AZ,11.9,150.0,150.0,1.0,10.0,14.78,173.0,1107.0,5,52.0,68.0,57.0,10.0,9.0
6,5,4,AS,SEA,WA,PHX,AZ,13.67,3.0,3.0,0.0,0.0,16.47,168.0,1107.0,5,49.0,73.0,43.0,10.0,8.0
6,5,4,AS,SEA,WA,PHX,AZ,16.98,-5.0,0.0,0.0,-1.0,19.83,171.0,1107.0,5,50.0,77.0,39.0,10.0,10.0
6,5,4,AS,SEA,WA,PHX,AZ,18.13,28.0,28.0,1.0,1.0,21.0,172.0,1107.0,5,48.0,73.0,41.0,10.0,8.0
6,5,4,AS,SEA,WA,PHX,AZ,19.98,2.0,2.0,0.0,0.0,22.82,170.0,1107.0,5,50.0,69.0,51.0,10.0,9.0
6,5,4,AS,SEA,WA,PHX,AZ,21.08,-3.0,0.0,0.0,-1.0,23.97,173.0,1107.0,5,50.0,66.0,56.0,10.0,11.0
6,5,4,AS,SEA,WA,PIT,PA,11.02,24.0,24.0,1.0,1.0,18.73,283.0,2125.0,9,52.0,68.0,57.0,10.0,9.0
6,5,4,AS,SEA,WA,PIT,PA,23.08,35.0,35.0,1.0,2.0,6.75,280.0,2125.0,9,50.0,65.0,59.0,10.0,9.0
6,5,4,AS,SEA,WA,PSC,WA,19.83,0.0,0.0,0.0,0.0,20.83,60.0,172.0,1,50.0,69.0,51.0,10.0,9.0
6,5,4,AS,SEA,WA,PSP,CA,10.67,-6.0,0.0,0.0,-1.0,13.3,158.0,987.0,4,53.0,65.0,66.0,10.0,9.0
6,5,4,AS,SEA,WA,PSP,CA,14.62,-11.0,0.0,0.0,-1.0,17.32,162.0,987.0,4,49.0,75.0,40.0,10.0,8.0
6,5,4,AS,SEA,WA,RDM,OR,11.35,11.0,11.0,0.0,0.0,12.5,69.0,228.0,1,52.0,68.0,57.0,10.0,9.0
6,5,4,AS,SEA,WA,RDM,OR,22.88,42.0,42.0,1.0,2.0,23.98,66.0,228.0,1,51.0,66.0,59.0,10.0,8.0
6,5,4,AS,SEA,WA,RDU,NC,8.47,14.0,14.0,0.0,0.0,16.7,314.0,2354.0,10,52.0,58.0,81.0,10.0,5.0
6,5,4,AS,SEA,WA,RDU,NC,21.62,5.0,5.0,0.0,0.0,5.68,304.0,2354.0,10,50.0,66.0,56.0,10.0,11.0
6,5,4,AS,SEA,WA,RNO,NV,11.72,12.0,12.0,0.0,0.0,13.52,108.0,564.0,3,52.0,68.0,57.0,10.0,9.0
6,5,4,AS,SEA,WA,RNO,NV,21.67,25.0,25.0,1.0,1.0,23.43,106.0,564.0,3,50.0,66.0,56.0,10.0,11.0
6,5,4,AS,SEA,WA,SAN,CA,6.0,-8.0,0.0,0.0,-1.0,8.7,162.0,1050.0,5,51.0,54.0,90.0,5.0,0.0
6,5,4,AS,SEA,WA,SAN,CA,7.0,4.0,4.0,0.0,0.0,9.8,168.0,1050.0,5,51.0,57.0,81.0,10.0,6.0
6,5,4,AS,SEA,WA,SAN,CA,8.42,0.0,0.0,0.0,0.0,11.22,168.0,1050.0,5,52.0,58.0,81.0,10.0,5.0
6,5,4,AS,SEA,WA,SAN,CA,11.7,9.0,9.0,0.0,0.0,14.5,168.0,1050.0,5,52.0,68.0,57.0,10.0,9.0
6,5,4,AS,SEA,WA,SAN,CA,13.73,1.0,1.0,0.0,0.0,16.5,166.0,1050.0,5,49.0,73.0,43.0,10.0,8.0
6,5,4,AS,SEA,WA,SAN,CA,16.27,-7.0,0.0,0.0,-1.0,19.02,165.0,1050.0,5,50.0,77.0,39.0,10.0,10.0
6,5,4,AS,SEA,WA,SAN,CA,17.98,-7.0,0.0,0.0,-1.0,20.75,166.0,1050.0,5,49.0,75.0,40.0,10.0,14.0
6,5,4,AS,SEA,WA,SAN,CA,18.98,-5.0,0.0,0.0,-1.0,21.75,166.0,1050.0,5,48.0,73.0,41.0,10.0,8.0
6,5,4,AS,SEA,WA,SAN,CA,19.98,-3.0,0.0,0.0,-1.0,22.73,165.0,1050.0,5,50.0,69.0,51.0,10.0,9.0
6,5,4,AS,SEA,WA,SAN,CA,21.25,-3.0,0.0,0.0,-1.0,23.98,164.0,1050.0,5,50.0,66.0,56.0,10.0,11.0
6,5,4,AS,SEA,WA,SAT,TX,12.35,11.0,11.0,0.0,0.0,18.47,247.0,1774.0,8,51.0,71.0,49.0,10.0,13.0
6,5,4,AS,SEA,WA,SAT,TX,23.18,31.0,31.0,1.0,2.0,5.17,239.0,1774.0,8,50.0,65.0,59.0,10.0,9.0
6,5,4,AS,SEA,WA,SBA,CA,15.22,5.0,5.0,0.0,0.0,17.62,144.0,908.0,4,50.0,75.0,41.0,10.0,11.0
6,5,4,AS,SEA,WA,SBP,CA,16.25,16.0,16.0,1.0,1.0,18.67,145.0,847.0,4,50.0,77.0,39.0,10.0,10.0
6,5,4,AS,SEA,WA,SFO,CA,7.0,2.0,2.0,0.0,0.0,9.25,135.0,679.0,3,51.0,57.0,81.0,10.0,6.0
6,5,4,AS,SEA,WA,SFO,CA,8.13,-4.0,0.0,0.0,-1.0,10.37,134.0,679.0,3,52.0,58.0,81.0,10.0,5.0
6,5,4,AS,SEA,WA,SFO,CA,11.48,68.0,68.0,1.0,4.0,13.72,134.0,679.0,3,52.0,68.0,57.0,10.0,9.0
6,5,4,AS,SEA,WA,SFO,CA,13.67,3.0,3.0,0.0,0.0,15.85,131.0,679.0,3,49.0,73.0,43.0,10.0,8.0
6,5,4,AS,SEA,WA,SFO,CA,15.77,-1.0,0.0,0.0,-1.0,17.95,131.0,679.0,3,50.0,75.0,41.0,10.0,11.0
6,5,4,AS,SEA,WA,SFO,CA,16.98,30.0,30.0,1.0,2.0,19.17,131.0,679.0,3,50.0,77.0,39.0,10.0,10.0
6,5,4,AS,SEA,WA,SFO,CA,17.98,-6.0,0.0,0.0,-1.0,20.17,131.0,679.0,3,49.0,75.0,40.0,10.0,14.0
6,5,4,AS,SEA,WA,SFO,CA,18.98,1.0,1.0,0.0,0.0,21.18,132.0,679.0,3,48.0,73.0,41.0,10.0,8.0
6,5,4,AS,SEA,WA,SFO,CA,20.02,84.0,84.0,1.0,5.0,22.18,130.0,679.0,3,51.0,66.0,59.0,10.0,8.0
6,5,4,AS,SEA,WA,SFO,CA,21.55,3.0,3.0,0.0,0.0,23.73,131.0,679.0,3,50.0,66.0,56.0,10.0,11.0
6,5,4,AS,SEA,WA,SIT,AK,11.33,0.0,0.0,0.0,0.0,12.73,144.0,861.0,4,52.0,68.0,57.0,10.0,9.0
6,5,4,AS,SEA,WA,SIT,AK,21.42,77.0,77.0,1.0,5.0,22.95,152.0,861.0,4,50.0,66.0,56.0,10.0,11.0
6,5,4,AS,SEA,WA,SJC,CA,10.42,20.0,20.0,1.0,1.0,12.6,131.0,696.0,3,53.0,65.0,66.0,10.0,9.0
6,5,4,AS,SEA,WA,SJC,CA,12.67,13.0,13.0,0.0,0.0,14.85,131.0,696.0,3,51.0,71.0,49.0,10.0,13.0
6,5,4,AS,SEA,WA,SJC,CA,14.7,-8.0,0.0,0.0,-1.0,16.85,129.0,696.0,3,49.0,75.0,40.0,10.0,8.0
6,5,4,AS,SEA,WA,SJC,CA,16.83,1.0,1.0,0.0,0.0,18.98,129.0,696.0,3,50.0,77.0,39.0,10.0,10.0
6,5,4,AS,SEA,WA,SJC,CA,18.07,7.0,7.0,0.0,0.0,20.23,130.0,696.0,3,48.0,73.0,41.0,10.0,8.0
6,5,4,AS,SEA,WA,SJC,CA,20.5,12.0,12.0,0.0,0.0,22.63,128.0,696.0,3,51.0,66.0,59.0,10.0,8.0
6,5,4,AS,SEA,WA,SLC,UT,7.25,-9.0,0.0,0.0,-1.0,10.3,123.0,689.0,3,51.0,57.0,81.0,10.0,6.0
6,5,4,AS,SEA,WA,SLC,UT,11.65,6.0,6.0,0.0,0.0,14.7,123.0,689.0,3,52.0,68.0,57.0,10.0,9.0
6,5,4,AS,SEA,WA,SLC,UT,15.58,48.0,48.0,1.0,3.0,18.65,124.0,689.0,3,50.0,75.0,41.0,10.0,11.0
6,5,4,AS,SEA,WA,SLC,UT,16.73,-3.0,0.0,0.0,-1.0,19.8,124.0,689.0,3,50.0,77.0,39.0,10.0,10.0
6,5,4,AS,SEA,WA,SMF,CA,10.15,6.0,6.0,0.0,0.0,12.03,113.0,605.0,3,53.0,65.0,66.0,10.0,9.0
6,5,4,AS,SEA,WA,SMF,CA,12.1,37.0,37.0,1.0,2.0,14.0,114.0,605.0,3,51.0,71.0,49.0,10.0,13.0
6,5,4,AS,SEA,WA,SMF,CA,19.87,1.0,1.0,0.0,0.0,21.68,109.0,605.0,3,50.0,69.0,51.0,10.0,9.0
6,5,4,AS,SEA,WA,SMF,CA,21.75,116.0,116.0,1.0,7.0,23.62,112.0,605.0,3,50.0,66.0,56.0,10.0,11.0
6,5,4,AS,SEA,WA,SNA,CA,7.0,-7.0,0.0,0.0,-1.0,9.78,167.0,978.0,4,51.0,57.0,81.0,10.0,6.0
6,5,4,AS,SEA,WA,SNA,CA,9.92,-1.0,0.0,0.0,-1.0,12.7,167.0,978.0,4,52.0,61.0,72.0,10.0,7.0
6,5,4,AS,SEA,WA,SNA,CA,11.42,0.0,0.0,0.0,0.0,14.2,167.0,978.0,4,52.0,68.0,57.0,10.0,9.0
6,5,4,AS,SEA,WA,SNA,CA,14.87,-5.0,0.0,0.0,-1.0,17.58,163.0,978.0,4,49.0,75.0,40.0,10.0,8.0
6,5,4,AS,SEA,WA,SNA,CA,15.72,3.0,3.0,0.0,0.0,18.43,163.0,978.0,4,50.0,75.0,41.0,10.0,11.0
6,5,4,AS,SEA,WA,SNA,CA,17.83,-7.0,0.0,0.0,-1.0,20.55,163.0,978.0,4,49.0,75.0,40.0,10.0,14.0
6,5,4,AS,SEA,WA,SNA,CA,19.83,-6.0,0.0,0.0,-1.0,22.5,160.0,978.0,4,50.0,69.0,51.0,10.0,9.0
6,5,4,AS,SEA,WA,STL,MO,8.18,3.0,3.0,0.0,0.0,14.12,236.0,1709.0,7,52.0,58.0,81.0,10.0,5.0
6,5,4,AS,SEA,WA,STL,MO,11.42,16.0,16.0,1.0,1.0,17.3,233.0,1709.0,7,52.0,68.0,57.0,10.0,9.0
6,5,4,AS,SEA,WA,STL,MO,18.07,3.0,3.0,0.0,0.0,0.07,240.0,1709.0,7,48.0,73.0,41.0,10.0,8.0
6,5,4,AS,SEA,WA,STS,CA,17.13,-8.0,0.0,0.0,-1.0,19.12,119.0,618.0,3,49.0,75.0,40.0,10.0,14.0
6,5,4,AS,SEA,WA,TPA,FL,9.07,0.0,0.0,0.0,0.0,17.63,334.0,2520.0,11,52.0,61.0,72.0,10.0,7.0
6,5,4,AS,SEA,WA,TPA,FL,21.13,0.0,0.0,0.0,0.0,5.67,332.0,2520.0,11,50.0,66.0,56.0,10.0,11.0
6,5,4,AS,SEA,WA,TUS,AZ,8.03,-7.0,0.0,0.0,-1.0,11.08,183.0,1216.0,5,52.0,58.0,81.0,10.0,5.0
6,5,4,B6,SEA,WA,BOS,MA,11.47,45.0,45.0,1.0,3.0,19.98,331.0,2496.0,10,52.0,68.0,57.0,10.0,9.0
6,5,4,B6,SEA,WA,JFK,NY,22.67,102.0,102.0,1.0,6.0,7.0,320.0,2422.0,10,51.0,66.0,59.0,10.0,8.0
6,5,4,DL,GEG,WA,ATL,GA,12.65,-9.0,0.0,0.0,-1.0,20.08,266.0,1969.0,8,36.0,78.0,22.0,10.0,7.0
6,5,4,DL,GEG,WA,ATL,GA,23.37,-8.0,0.0,0.0,-1.0,6.72,261.0,1969.0,8,40.0,66.0,39.0,10.0,7.0
6,5,4,DL,GEG,WA,MSP,MN,7.0,-7.0,0.0,0.0,-1.0,11.92,175.0,1175.0,5,43.0,63.0,48.0,10.0,5.0
6,5,4,DL,GEG,WA,MSP,MN,14.17,-8.0,0.0,0.0,-1.0,19.15,179.0,1175.0,5,31.0,80.0,17.0,10.0,10.0
6,5,4,DL,GEG,WA,SEA,WA,7.25,-9.0,0.0,0.0,-1.0,8.47,73.0,224.0,1,43.0,63.0,48.0,10.0,5.0
6,5,4,DL,GEG,WA,SLC,UT,6.0,-12.0,0.0,0.0,-1.0,8.65,99.0,546.0,3,43.0,58.0,58.0,10.0,5.0
6,5,4,DL,GEG,WA,SLC,UT,9.75,-7.0,0.0,0.0,-1.0,12.48,104.0,546.0,3,40.0,72.0,31.0,10.0,3.0
6,5,4,DL,GEG,WA,SLC,UT,13.0,-8.0,0.0,0.0,-1.0,15.78,107.0,546.0,3,34.0,77.0,21.0,10.0,0.0
6,5,4,DL,GEG,WA,SLC,UT,16.93,-4.0,0.0,0.0,-1.0,19.65,103.0,546.0,3,31.0,79.0,17.0,10.0,7.0
6,5,4,DL,PSC,WA,MSP,MN,6.75,-7.0,0.0,0.0,-1.0,11.9,189.0,1254.0,6,52.0,63.0,68.0,10.0,0.0
6,5,4,DL,PSC,WA,SLC,UT,6.0,36.0,36.0,1.0,2.0,8.63,98.0,521.0,3,52.0,63.0,68.0,10.0,0.0
6,5,4,DL,SEA,WA,ANC,AK,7.17,-6.0,0.0,0.0,-1.0,9.75,215.0,1448.0,6,51.0,57.0,81.0,10.0,6.0
6,5,4,DL,SEA,WA,ANC,AK,10.75,20.0,20.0,1.0,1.0,13.42,220.0,1448.0,6,53.0,65.0,66.0,10.0,9.0
6,5,4,DL,SEA,WA,ANC,AK,13.67,-5.0,0.0,0.0,-1.0,16.33,220.0,1448.0,6,49.0,73.0,43.0,10.0,8.0
6,5,4,DL,SEA,WA,ANC,AK,20.83,-6.0,0.0,0.0,-1.0,23.42,215.0,1448.0,6,51.0,66.0,59.0,10.0,8.0
6,5,4,DL,SEA,WA,ANC,AK,22.98,-6.0,0.0,0.0,-1.0,1.53,213.0,1448.0,6,51.0,66.0,59.0,10.0,8.0
6,5,4,DL,SEA,WA,ATL,GA,6.0,-5.0,0.0,0.0,-1.0,13.9,294.0,2182.0,9,51.0,54.0,90.0,5.0,0.0
6,5,4,DL,SEA,WA,ATL,GA,7.67,-8.0,0.0,0.0,-1.0,15.68,301.0,2182.0,9,51.0,57.0,81.0,10.0,6.0
6,5,4,DL,SEA,WA,ATL,GA,11.32,0.0,0.0,0.0,0.0,19.23,295.0,2182.0,9,52.0,68.0,57.0,10.0,9.0
6,5,4,DL,SEA,WA,ATL,GA,13.58,7.0,7.0,0.0,0.0,21.7,307.0,2182.0,9,49.0,73.0,43.0,10.0,8.0
6,5,4,DL,SEA,WA,ATL,GA,15.25,-5.0,0.0,0.0,-1.0,23.2,297.0,2182.0,9,50.0,75.0,41.0,10.0,11.0
6,5,4,DL,SEA,WA,ATL,GA,17.27,-6.0,0.0,0.0,-1.0,1.1,290.0,2182.0,9,49.0,75.0,40.0,10.0,14.0
6,5,4,DL,SEA,WA,ATL,GA,21.5,-2.0,0.0,0.0,-1.0,5.42,295.0,2182.0,9,50.0,66.0,56.0,10.0,11.0
6,5,4,DL,SEA,WA,ATL,GA,23.17,2.0,2.0,0.0,0.0,7.03,292.0,2182.0,9,50.0,65.0,59.0,10.0,9.0
6,5,4,DL,SEA,WA,AUS,TX,7.42,-5.0,0.0,0.0,-1.0,13.6,251.0,1770.0,8,51.0,57.0,81.0,10.0,6.0
6,5,4,DL,SEA,WA,AUS,TX,11.25,-13.0,0.0,0.0,-1.0,17.42,250.0,1770.0,8,52.0,68.0,57.0,10.0,9.0
6,5,4,DL,SEA,WA,AUS,TX,17.5,-9.0,0.0,0.0,-1.0,23.7,252.0,1770.0,8,49.0,75.0,40.0,10.0,14.0
6,5,4,DL,SEA,WA,BNA,TN,17.98,-1.0,0.0,0.0,-1.0,0.45,268.0,1978.0,8,49.0,75.0,40.0,10.0,14.0
6,5,4,DL,SEA,WA,BOS,MA,7.42,146.0,146.0,1.0,9.0,16.0,335.0,2496.0,10,51.0,57.0,81.0,10.0,6.0
6,5,4,DL,SEA,WA,BOS,MA,15.62,-5.0,0.0,0.0,-1.0,23.98,322.0,2496.0,10,50.0,75.0,41.0,10.0,11.0
6,5,4,DL,SEA,WA,BOS,MA,22.18,-5.0,0.0,0.0,-1.0,6.67,329.0,2496.0,10,51.0,66.0,59.0,10.0,8.0
6,5,4,DL,SEA,WA,CVG,KY,11.25,-2.0,0.0,0.0,-1.0,18.67,265.0,1965.0,8,52.0,68.0,57.0,10.0,9.0
6,5,4,DL,SEA,WA,DCA,VA,7.58,-5.0,0.0,0.0,-1.0,15.82,314.0,2329.0,10,51.0,57.0,81.0,10.0,6.0
6,5,4,DL,SEA,WA,DEN,CO,7.17,-11.0,0.0,0.0,-1.0,11.0,170.0,1024.0,5,51.0,57.0,81.0,10.0,6.0
6,5,4,DL,SEA,WA,DEN,CO,14.0,90.0,90.0,1.0,6.0,17.83,170.0,1024.0,5,49.0,75.0,40.0,10.0,8.0
6,5,4,DL,SEA,WA,DEN,CO,18.0,52.0,52.0,1.0,3.0,21.78,167.0,1024.0,5,48.0,73.0,41.0,10.0,8.0
6,5,4,DL,SEA,WA,DFW,TX,9.5,-7.0,0.0,0.0,-1.0,15.63,248.0,1660.0,7,52.0,61.0,72.0,10.0,7.0
6,5,4,DL,SEA,WA,DFW,TX,17.83,-10.0,0.0,0.0,-1.0,23.82,239.0,1660.0,7,49.0,75.0,40.0,10.0,14.0
6,5,4,DL,SEA,WA,DTW,MI,6.0,-5.0,0.0,0.0,-1.0,13.22,253.0,1927.0,8,51.0,54.0,90.0,5.0,0.0
6,5,4,DL,SEA,WA,DTW,MI,9.83,-1.0,0.0,0.0,-1.0,17.32,269.0,1927.0,8,52.0,61.0,72.0,10.0,7.0
6,5,4,DL,SEA,WA,DTW,MI,11.67,-5.0,0.0,0.0,-1.0,19.15,269.0,1927.0,8,52.0,68.0,57.0,10.0,9.0
6,5,4,DL,SEA,WA,DTW,MI,15.52,-6.0,0.0,0.0,-1.0,22.95,266.0,1927.0,8,50.0,75.0,41.0,10.0,11.0
6,5,4,DL,SEA,WA,DTW,MI,22.92,14.0,14.0,0.0,0.0,6.23,259.0,1927.0,8,51.0,66.0,59.0,10.0,8.0
6,5,4,DL,SEA,WA,FAI,AK,21.67,75.0,75.0,1.0,5.0,0.47,228.0,1533.0,7,50.0,66.0,56.0,10.0,11.0
6,5,4,DL,SEA,WA,FLL,FL,8.5,-5.0,0.0,0.0,-1.0,17.33,350.0,2717.0,11,52.0,58.0,81.0,10.0,5.0
6,5,4,DL,SEA,WA,GEG,WA,21.67,71.0,71.0,1.0,4.0,22.83,70.0,224.0,1,50.0,66.0,56.0,10.0,11.0
6,5,4,DL,SEA,WA,HNL,HI,8.75,3.0,3.0,0.0,0.0,11.92,370.0,2677.0,11,52.0,58.0,81.0,10.0,5.0
6,5,4,DL,SEA,WA,HNL,HI,15.75,7.0,7.0,0.0,0.0,18.92,370.0,2677.0,11,50.0,75.0,41.0,10.0,11.0
6,5,4,DL,SEA,WA,IAD,VA,21.83,-8.0,0.0,0.0,-1.0,5.87,302.0,2306.0,10,50.0,66.0,56.0,10.0,11.0
6,5,4,DL,SEA,WA,JFK,NY,7.25,-1.0,0.0,0.0,-1.0,15.98,344.0,2422.0,10,51.0,57.0,81.0,10.0,6.0
6,5,4,DL,SEA,WA,JFK,NY,11.27,-5.0,0.0,0.0,-1.0,20.07,348.0,2422.0,10,52.0,68.0,57.0,10.0,9.0
6,5,4,DL,SEA,WA,JFK,NY,15.92,-5.0,0.0,0.0,-1.0,0.58,340.0,2422.0,10,50.0,75.0,41.0,10.0,11.0
6,5,4,DL,SEA,WA,JFK,NY,21.75,9.0,9.0,0.0,0.0,6.23,329.0,2422.0,10,50.0,66.0,56.0,10.0,11.0
6,5,4,DL,SEA,WA,KOA,HI,14.33,-2.0,0.0,0.0,-1.0,17.52,371.0,2688.0,11,49.0,75.0,40.0,10.0,8.0
6,5,4,DL,SEA,WA,LAS,NV,6.33,-5.0,0.0,0.0,-1.0,8.82,149.0,867.0,4,51.0,54.0,90.0,5.0,0.0
6,5,4,DL,SEA,WA,LAS,NV,10.42,69.0,69.0,1.0,4.0,13.07,159.0,867.0,4,53.0,65.0,66.0,10.0,9.0
6,5,4,DL,SEA,WA,LAS,NV,12.0,-6.0,0.0,0.0,-1.0,14.62,157.0,867.0,4,51.0,71.0,49.0,10.0,13.0
6,5,4,DL,SEA,WA,LAS,NV,16.3,-1.0,0.0,0.0,-1.0,18.85,153.0,867.0,4,50.0,77.0,39.0,10.0,10.0
6,5,4,DL,SEA,WA,LAS,NV,19.98,0.0,0.0,0.0,0.0,22.58,156.0,867.0,4,50.0,69.0,51.0,10.0,9.0
6,5,4,DL,SEA,WA,LAX,CA,7.33,-4.0,0.0,0.0,-1.0,10.13,168.0,954.0,4,51.0,57.0,81.0,10.0,6.0
6,5,4,DL,SEA,WA,LAX,CA,9.92,-10.0,0.0,0.0,-1.0,12.77,171.0,954.0,4,52.0,61.0,72.0,10.0,7.0
6,5,4,DL,SEA,WA,LAX,CA,11.92,-4.0,0.0,0.0,-1.0,14.78,172.0,954.0,4,52.0,68.0,57.0,10.0,9.0
6,5,4,DL,SEA,WA,LAX,CA,14.33,-11.0,0.0,0.0,-1.0,17.08,165.0,954.0,4,49.0,75.0,40.0,10.0,8.0
6,5,4,DL,SEA,WA,LAX,CA,17.83,-6.0,0.0,0.0,-1.0,20.58,165.0,954.0,4,49.0,75.0,40.0,10.0,14.0
6,5,4,DL,SEA,WA,LAX,CA,19.95,-10.0,0.0,0.0,-1.0,22.8,171.0,954.0,4,50.0,69.0,51.0,10.0,9.0
6,5,4,DL,SEA,WA,LAX,CA,21.42,-7.0,0.0,0.0,-1.0,0.13,163.0,954.0,4,50.0,66.0,56.0,10.0,11.0
6,5,4,DL,SEA,WA,LIH,HI,15.83,-5.0,0.0,0.0,-1.0,19.0,370.0,2701.0,11,50.0,75.0,41.0,10.0,11.0
6,5,4,DL,SEA,WA,MCI,MO,17.5,-3.0,0.0,0.0,-1.0,23.13,218.0,1489.0,6,49.0,75.0,40.0,10.0,14.0
6,5,4,DL,SEA,WA,MCO,FL,9.0,9.0,9.0,0.0,0.0,17.72,343.0,2554.0,11,52.0,61.0,72.0,10.0,7.0
6,5,4,DL,SEA,WA,MCO,FL,23.25,3.0,3.0,0.0,0.0,7.78,332.0,2554.0,11,50.0,65.0,59.0,10.0,9.0
6,5,4,DL,SEA,WA,MIA,FL,8.0,1.0,1.0,0.0,0.0,17.07,364.0,2724.0,11,52.0,58.0,81.0,10.0,5.0
6,5,4,DL,SEA,WA,MSP,MN,6.0,-8.0,0.0,0.0,-1.0,11.47,208.0,1399.0,6,51.0,54.0,90.0,5.0,0.0
6,5,4,DL,SEA,WA,MSP,MN,8.58,-4.0,0.0,0.0,-1.0,14.15,214.0,1399.0,6,52.0,58.0,81.0,10.0,5.0
6,5,4,DL,SEA,WA,MSP,MN,11.92,18.0,18.0,1.0,1.0,17.5,215.0,1399.0,6,52.0,68.0,57.0,10.0,9.0
6,5,4,DL,SEA,WA,MSP,MN,19.0,-4.0,0.0,0.0,-1.0,0.45,207.0,1399.0,6,50.0,69.0,51.0,10.0,9.0
6,5,4,DL,SEA,WA,MSP,MN,23.83,-7.0,0.0,0.0,-1.0,5.25,205.0,1399.0,6,50.0,65.0,59.0,10.0,9.0
6,5,4,DL,SEA,WA,OGG,HI,13.83,-8.0,0.0,0.0,-1.0,17.02,371.0,2640.0,11,49.0,73.0,43.0,10.0,8.0
6,5,4,DL,SEA,WA,ORD,IL,7.25,-9.0,0.0,0.0,-1.0,13.5,255.0,1721.0,7,51.0,57.0,81.0,10.0,6.0
6,5,4,DL,SEA,WA,ORD,IL,11.25,-8.0,0.0,0.0,-1.0,17.42,250.0,1721.0,7,52.0,68.0,57.0,10.0,9.0
6,5,4,DL,SEA,WA,ORD,IL,17.83,7.0,7.0,0.0,0.0,23.98,249.0,1721.0,7,49.0,75.0,40.0,10.0,14.0
6,5,4,DL,SEA,WA,PDX,OR,19.92,2.0,2.0,0.0,0.0,20.87,57.0,129.0,1,50.0,69.0,51.0,10.0,9.0
6,5,4,DL,SEA,WA,PHX,AZ,7.33,-6.0,0.0,0.0,-1.0,10.23,174.0,1107.0,5,51.0,57.0,81.0,10.0,6.0
6,5,4,DL,SEA,WA,PHX,AZ,9.83,-11.0,0.0,0.0,-1.0,12.83,180.0,1107.0,5,52.0,61.0,72.0,10.0,7.0
6,5,4,DL,SEA,WA,PHX,AZ,11.75,14.0,14.0,0.0,0.0,14.77,181.0,1107.0,5,52.0,68.0,57.0,10.0,9.0
6,5,4,DL,SEA,WA,PHX,AZ,15.38,-5.0,0.0,0.0,-1.0,18.23,171.0,1107.0,5,50.0,75.0,41.0,10.0,11.0
6,5,4,DL,SEA,WA,PHX,AZ,19.98,-6.0,0.0,0.0,-1.0,22.93,177.0,1107.0,5,50.0,69.0,51.0,10.0,9.0
6,5,4,DL,SEA,WA,RDU,NC,15.87,0.0,0.0,0.0,0.0,23.98,307.0,2354.0,10,50.0,75.0,41.0,10.0,11.0
6,5,4,DL,SEA,WA,SAN,CA,7.5,-11.0,0.0,0.0,-1.0,10.33,170.0,1050.0,5,51.0,57.0,81.0,10.0,6.0
6,5,4,DL,SEA,WA,SAN,CA,10.17,5.0,5.0,0.0,0.0,13.0,170.0,1050.0,5,53.0,65.0,66.0,10.0,9.0
6,5,4,DL,SEA,WA,SAN,CA,11.5,-11.0,0.0,0.0,-1.0,14.37,172.0,1050.0,5,52.0,68.0,57.0,10.0,9.0
6,5,4,DL,SEA,WA,SAN,CA,15.55,0.0,0.0,0.0,0.0,18.33,167.0,1050.0,5,50.0,75.0,41.0,10.0,11.0
6,5,4,DL,SEA,WA,SAN,CA,19.5,13.0,13.0,0.0,0.0,22.33,170.0,1050.0,5,50.0,69.0,51.0,10.0,9.0
6,5,4,DL,SEA,WA,SFO,CA,10.42,-11.0,0.0,0.0,-1.0,12.83,145.0,679.0,3,53.0,65.0,66.0,10.0,9.0
6,5,4,DL,SEA,WA,SFO,CA,21.83,-7.0,0.0,0.0,-1.0,0.07,134.0,679.0,3,50.0,66.0,56.0,10.0,11.0
6,5,4,DL,SEA,WA,SLC,UT,5.5,-8.0,0.0,0.0,-1.0,8.57,124.0,689.0,3,51.0,52.0,97.0,2.0,0.0
6,5,4,DL,SEA,WA,SLC,UT,7.17,-7.0,0.0,0.0,-1.0,10.25,125.0,689.0,3,51.0,57.0,81.0,10.0,6.0
6,5,4,DL,SEA,WA,SLC,UT,9.5,-13.0,0.0,0.0,-1.0,12.72,133.0,689.0,3,52.0,61.0,72.0,10.0,7.0
6,5,4,DL,SEA,WA,SLC,UT,11.25,-3.0,0.0,0.0,-1.0,14.33,125.0,689.0,3,52.0,68.0,57.0,10.0,9.0
6,5,4,DL,SEA,WA,SLC,UT,13.5,-1.0,0.0,0.0,-1.0,16.67,130.0,689.0,3,49.0,73.0,43.0,10.0,8.0
6,5,4,DL,SEA,WA,SLC,UT,17.83,0.0,0.0,0.0,0.0,21.0,130.0,689.0,3,49.0,75.0,40.0,10.0,14.0
6,5,4,DL,SEA,WA,SLC,UT,19.58,-8.0,0.0,0.0,-1.0,22.75,130.0,689.0,3,50.0,69.0,51.0,10.0,9.0
6,5,4,DL,SEA,WA,SNA,CA,7.5,-10.0,0.0,0.0,-1.0,10.33,170.0,978.0,4,51.0,57.0,81.0,10.0,6.0
6,5,4,DL,SEA,WA,SNA,CA,9.42,-6.0,0.0,0.0,-1.0,12.25,170.0,978.0,4,52.0,61.0,72.0,10.0,7.0
6,5,4,DL,SEA,WA,SNA,CA,15.33,-7.0,0.0,0.0,-1.0,18.02,161.0,978.0,4,50.0,75.0,41.0,10.0,11.0
6,5,4,DL,SEA,WA,TPA,FL,10.25,40.0,40.0,1.0,2.0,18.8,333.0,2520.0,11,53.0,65.0,66.0,10.0,9.0
6,5,4,F9,GEG,WA,DEN,CO,11.8,6.0,6.0,0.0,0.0,15.15,141.0,836.0,4,34.0,76.0,22.0,10.0,6.0
6,5,4,F9,SEA,WA,DEN,CO,6.42,-4.0,0.0,0.0,-1.0,10.2,167.0,1024.0,5,51.0,54.0,90.0,5.0,0.0
6,5,4,F9,SEA,WA,DEN,CO,19.2,84.0,84.0,1.0,5.0,23.08,173.0,1024.0,5,50.0,69.0,51.0,10.0,9.0
6,5,4,F9,SEA,WA,LAS,NV,15.18,39.0,39.0,1.0,2.0,17.83,159.0,867.0,4,50.0,75.0,41.0,10.0,11.0
6,5,4,F9,SEA,WA,ONT,CA,13.83,-9.0,0.0,0.0,-1.0,16.5,160.0,956.0,4,49.0,73.0,43.0,10.0,8.0
6,5,4,F9,SEA,WA,PHX,AZ,12.3,11.0,11.0,0.0,0.0,15.3,180.0,1107.0,5,51.0,71.0,49.0,10.0,13.0
6,5,4,G4,BLI,WA,AZA,AZ,7.5,-12.0,0.0,0.0,-1.0,10.57,184.0,1208.0,5,55.0,61.0,81.0,10.0,0.0
6,5,4,G4,BLI,WA,LAS,NV,6.0,-15.0,0.0,0.0,-1.0,8.57,154.0,954.0,4,53.0,57.0,87.0,10.0,0.0
6,5,4,G4,BLI,WA,LAS,NV,12.97,-8.0,0.0,0.0,-1.0,15.53,154.0,954.0,4,53.0,69.0,57.0,10.0,7.0
6,5,4,G4,BLI,WA,LAX,CA,15.23,-5.0,0.0,0.0,-1.0,18.0,166.0,1047.0,5,54.0,71.0,55.0,10.0,5.0
6,5,4,G4,GEG,WA,LAS,NV,9.58,17.0,17.0,1.0,1.0,11.9,139.0,806.0,4,40.0,72.0,31.0,10.0,3.0
6,5,4,G4,GEG,WA,SNA,CA,13.73,-3.0,0.0,0.0,-1.0,16.42,161.0,962.0,4,34.0,77.0,21.0,10.0,0.0
6,5,4,G4,PSC,WA,AZA,AZ,19.13,110.0,110.0,1.0,7.0,21.62,149.0,977.0,4,43.0,79.0,28.0,10.0,0.0
6,5,4,HA,SEA,WA,HNL,HI,8.42,6.0,6.0,0.0,0.0,11.67,375.0,2677.0,11,52.0,58.0,81.0,10.0,5.0
6,5,4,HA,SEA,WA,HNL,HI,11.42,28.0,28.0,1.0,1.0,14.67,375.0,2677.0,11,52.0,68.0,57.0,10.0,9.0
6,5,4,HA,SEA,WA,HNL,HI,15.92,10.0,10.0,0.0,0.0,19.17,375.0,2677.0,11,50.0,75.0,41.0,10.0,11.0
6,5,4,HA,SEA,WA,HNL,HI,18.42,-2.0,0.0,0.0,-1.0,21.58,370.0,2677.0,11,48.0,73.0,41.0,10.0,8.0
6,5,4,HA,SEA,WA,OGG,HI,10.0,12.0,12.0,0.0,0.0,13.17,370.0,2640.0,11,53.0,65.0,66.0,10.0,9.0
6,5,4,MQ,SEA,WA,PHX,AZ,11.4,51.0,51.0,1.0,3.0,14.57,190.0,1107.0,5,52.0,68.0,57.0,10.0,9.0
6,5,4,MQ,SEA,WA,PHX,AZ,15.28,4.0,4.0,0.0,0.0,18.3,181.0,1107.0,5,50.0,75.0,41.0,10.0,11.0
6,5,4,NK,SEA,WA,LAS,NV,6.0,3.0,3.0,0.0,0.0,8.52,151.0,867.0,4,51.0,54.0,90.0,5.0,0.0
6,5,4,NK,SEA,WA,LAS,NV,15.33,65.0,65.0,1.0,4.0,17.85,151.0,867.0,4,50.0,75.0,41.0,10.0,11.0
6,5,4,OO,BLI,WA,SEA,WA,6.0,-6.0,0.0,0.0,-1.0,6.85,51.0,93.0,1,53.0,57.0,87.0,10.0,0.0
6,5,4,OO,BLI,WA,SEA,WA,8.0,-4.0,0.0,0.0,-1.0,8.85,51.0,93.0,1,53.0,63.0,70.0,10.0,3.0
6,5,4,OO,BLI,WA,SEA,WA,12.98,33.0,33.0,1.0,2.0,13.82,50.0,93.0,1,53.0,69.0,57.0,10.0,7.0
6,5,4,OO,BLI,WA,SEA,WA,16.08,16.0,16.0,1.0,1.0,16.97,53.0,93.0,1,54.0,70.0,57.0,10.0,5.0
6,5,4,OO,GEG,WA,BOI,ID,16.32,-5.0,0.0,0.0,-1.0,18.43,67.0,287.0,2,31.0,79.0,17.0,10.0,7.0
6,5,4,OO,GEG,WA,LAX,CA,6.58,-10.0,0.0,0.0,-1.0,9.42,170.0,945.0,4,43.0,58.0,58.0,10.0,5.0
6,5,4,OO,GEG,WA,LAX,CA,14.6,-13.0,0.0,0.0,-1.0,17.37,166.0,945.0,4,31.0,80.0,17.0,10.0,10.0
6,5,4,OO,GEG,WA,ORD,IL,7.0,-3.0,0.0,0.0,-1.0,12.65,219.0,1498.0,6,43.0,63.0,48.0,10.0,5.0
6,5,4,OO,GEG,WA,ORD,IL,11.62,-3.0,0.0,0.0,-1.0,17.25,218.0,1498.0,6,34.0,76.0,22.0,10.0,6.0
6,5,4,OO,GEG,WA,PDX,OR,15.58,-6.0,0.0,0.0,-1.0,16.75,70.0,279.0,2,30.0,79.0,17.0,10.0,7.0
6,5,4,OO,GEG,WA,SEA,WA,5.0,-8.0,0.0,0.0,-1.0,6.33,80.0,224.0,1,43.0,56.0,62.0,10.0,3.0
6,5,4,OO,GEG,WA,SEA,WA,6.17,-6.0,0.0,0.0,-1.0,7.55,83.0,224.0,1,43.0,58.0,58.0,10.0,5.0
6,5,4,OO,GEG,WA,SEA,WA,9.08,69.0,69.0,1.0,4.0,10.48,84.0,224.0,1,40.0,72.0,31.0,10.0,3.0
6,5,4,OO,GEG,WA,SEA,WA,11.25,-5.0,0.0,0.0,-1.0,12.6,81.0,224.0,1,34.0,76.0,22.0,10.0,6.0
6,5,4,OO,GEG,WA,SEA,WA,14.25,-10.0,0.0,0.0,-1.0,15.58,80.0,224.0,1,31.0,80.0,17.0,10.0,10.0
6,5,4,OO,GEG,WA,SEA,WA,15.03,0.0,0.0,0.0,0.0,16.23,72.0,224.0,1,30.0,79.0,17.0,10.0,7.0
6,5,4,OO,GEG,WA,SEA,WA,15.5,2.0,2.0,0.0,0.0,16.82,79.0,224.0,1,30.0,79.0,17.0,10.0,7.0
6,5,4,OO,GEG,WA,SEA,WA,17.67,-9.0,0.0,0.0,-1.0,19.0,80.0,224.0,1,32.0,78.0,19.0,10.0,0.0
6,5,4,OO,GEG,WA,SEA,WA,19.42,-17.0,0.0,0.0,-2.0,20.83,85.0,224.0,1,33.0,75.0,22.0,10.0,6.0
6,5,4,OO,GEG,WA,SFO,CA,7.42,-7.0,0.0,0.0,-1.0,9.75,140.0,733.0,3,43.0,63.0,48.0,10.0,5.0
6,5,4,OO,GEG,WA,SFO,CA,15.48,-9.0,0.0,0.0,-1.0,17.83,141.0,733.0,3,30.0,79.0,17.0,10.0,7.0
6,5,4,OO,GEG,WA,SLC,UT,19.0,-3.0,0.0,0.0,-1.0,21.8,108.0,546.0,3,33.0,75.0,22.0,10.0,6.0
6,5,4,OO,PSC,WA,DEN,CO,12.75,-10.0,0.0,0.0,-1.0,16.3,153.0,852.0,4,47.0,83.0,28.0,10.0,5.0
6,5,4,OO,PSC,WA,LAX,CA,7.0,-8.0,0.0,0.0,-1.0,9.58,155.0,851.0,4,51.0,69.0,53.0,10.0,3.0
6,5,4,OO,PSC,WA,PHX,AZ,5.08,-1.0,0.0,0.0,-1.0,7.83,165.0,962.0,4,52.0,56.0,87.0,10.0,0.0
6,5,4,OO,PSC,WA,PHX,AZ,14.92,-11.0,0.0,0.0,-1.0,17.65,164.0,962.0,4,46.0,86.0,25.0,10.0,8.0
6,5,4,OO,PSC,WA,SEA,WA,5.0,-16.0,0.0,0.0,-2.0,6.2,72.0,172.0,1,52.0,56.0,87.0,10.0,0.0
6,5,4,OO,PSC,WA,SEA,WA,6.0,-7.0,0.0,0.0,-1.0,7.12,67.0,172.0,1,52.0,63.0,68.0,10.0,0.0
6,5,4,OO,PSC,WA,SEA,WA,11.7,-10.0,0.0,0.0,-1.0,12.83,68.0,172.0,1,52.0,81.0,37.0,10.0,3.0
6,5,4,OO,PSC,WA,SEA,WA,13.0,-5.0,0.0,0.0,-1.0,14.23,74.0,172.0,1,46.0,86.0,25.0,10.0,6.0
6,5,4,OO,PSC,WA,SEA,WA,15.87,-1.0,0.0,0.0,-1.0,16.92,63.0,172.0,1,45.0,86.0,24.0,10.0,8.0
6,5,4,OO,PSC,WA,SEA,WA,17.82,-5.0,0.0,0.0,-1.0,19.0,71.0,172.0,1,47.0,85.0,27.0,10.0,7.0
6,5,4,OO,PSC,WA,SFO,CA,6.67,-5.0,0.0,0.0,-1.0,8.75,125.0,620.0,3,52.0,63.0,68.0,10.0,0.0
6,5,4,OO,PSC,WA,SFO,CA,13.6,24.0,24.0,1.0,1.0,15.68,125.0,620.0,3,46.0,86.0,25.0,10.0,6.0
6,5,4,OO,PSC,WA,SLC,UT,9.5,-4.0,0.0,0.0,-1.0,12.15,99.0,521.0,3,50.0,74.0,43.0,10.0,5.0
6,5,4,OO,PSC,WA,SLC,UT,11.65,-5.0,0.0,0.0,-1.0,14.5,111.0,521.0,3,52.0,81.0,37.0,10.0,3.0
6,5,4,OO,PSC,WA,SLC,UT,17.18,-18.0,0.0,0.0,-2.0,19.93,105.0,521.0,3,47.0,85.0,27.0,10.0,7.0
6,5,4,OO,SEA,WA,BLI,WA,11.33,29.0,29.0,1.0,1.0,12.32,59.0,93.0,1,52.0,68.0,57.0,10.0,9.0
6,5,4,OO,SEA,WA,BLI,WA,14.52,38.0,38.0,1.0,2.0,15.42,54.0,93.0,1,49.0,75.0,40.0,10.0,8.0
6,5,4,OO,SEA,WA,BLI,WA,21.27,43.0,43.0,1.0,2.0,22.18,55.0,93.0,1,50.0,66.0,56.0,10.0,11.0
6,5,4,OO,SEA,WA,BLI,WA,23.07,-2.0,0.0,0.0,-1.0,23.98,55.0,93.0,1,50.0,65.0,59.0,10.0,9.0
6,5,4,OO,SEA,WA,BOI,ID,7.5,-11.0,0.0,0.0,-1.0,10.1,96.0,399.0,2,51.0,57.0,81.0,10.0,6.0
6,5,4,OO,SEA,WA,BOI,ID,9.85,43.0,43.0,1.0,2.0,12.37,91.0,399.0,2,52.0,61.0,72.0,10.0,7.0
6,5,4,OO,SEA,WA,BOI,ID,10.58,78.0,78.0,1.0,5.0,13.17,95.0,399.0,2,53.0,65.0,66.0,10.0,9.0
6,5,4,OO,SEA,WA,BOI,ID,11.5,-1.0,0.0,0.0,-1.0,14.02,91.0,399.0,2,52.0,68.0,57.0,10.0,9.0
6,5,4,OO,SEA,WA,BOI,ID,13.67,-5.0,0.0,0.0,-1.0,16.32,99.0,399.0,2,49.0,73.0,43.0,10.0,8.0
6,5,4,OO,SEA,WA,BOI,ID,14.42,-1.0,0.0,0.0,-1.0,16.9,89.0,399.0,2,49.0,75.0,40.0,10.0,8.0
6,5,4,OO,SEA,WA,BOI,ID,16.67,22.0,22.0,1.0,1.0,19.15,89.0,399.0,2,50.0,77.0,39.0,10.0,10.0
6,5,4,OO,SEA,WA,BOI,ID,18.67,71.0,71.0,1.0,4.0,21.1,86.0,399.0,2,48.0,73.0,41.0,10.0,8.0
6,5,4,OO,SEA,WA,BOI,ID,19.92,7.0,7.0,0.0,0.0,22.48,94.0,399.0,2,50.0,69.0,51.0,10.0,9.0
6,5,4,OO,SEA,WA,BOI,ID,21.67,-12.0,0.0,0.0,-1.0,0.2,92.0,399.0,2,50.0,66.0,56.0,10.0,11.0
6,5,4,OO,SEA,WA,EUG,OR,9.48,9.0,9.0,0.0,0.0,10.75,76.0,234.0,1,52.0,61.0,72.0,10.0,7.0
6,5,4,OO,SEA,WA,EUG,OR,15.48,-5.0,0.0,0.0,-1.0,16.72,74.0,234.0,1,50.0,75.0,41.0,10.0,11.0
6,5,4,OO,SEA,WA,EUG,OR,17.67,18.0,18.0,1.0,1.0,18.8,68.0,234.0,1,49.0,75.0,40.0,10.0,14.0
6,5,4,OO,SEA,WA,EUG,OR,20.48,-3.0,0.0,0.0,-1.0,21.62,68.0,234.0,1,51.0,66.0,59.0,10.0,8.0
6,5,4,OO,SEA,WA,EUG,OR,21.67,-5.0,0.0,0.0,-1.0,22.95,77.0,234.0,1,50.0,66.0,56.0,10.0,11.0
6,5,4,OO,SEA,WA,FAT,CA,8.93,24.0,24.0,1.0,1.0,11.18,135.0,748.0,3,52.0,58.0,81.0,10.0,5.0
6,5,4,OO,SEA,WA,FAT,CA,11.58,48.0,48.0,1.0,3.0,13.83,135.0,748.0,3,52.0,68.0,57.0,10.0,9.0
6,5,4,OO,SEA,WA,FAT,CA,19.92,-8.0,0.0,0.0,-1.0,22.12,132.0,748.0,3,50.0,69.0,51.0,10.0,9.0
6,5,4,OO,SEA,WA,GEG,WA,7.17,-8.0,0.0,0.0,-1.0,8.42,75.0,224.0,1,51.0,57.0,81.0,10.0,6.0
6,5,4,OO,SEA,WA,GEG,WA,8.75,-3.0,0.0,0.0,-1.0,9.97,73.0,224.0,1,52.0,58.0,81.0,10.0,5.0
6,5,4,OO,SEA,WA,GEG,WA,11.58,22.0,22.0,1.0,1.0,12.88,78.0,224.0,1,52.0,68.0,57.0,10.0,9.0
6,5,4,OO,SEA,WA,GEG,WA,13.23,0.0,0.0,0.0,0.0,14.37,68.0,224.0,1,49.0,73.0,43.0,10.0,8.0
6,5,4,OO,SEA,WA,GEG,WA,13.53,6.0,6.0,0.0,0.0,14.83,78.0,224.0,1,49.0,73.0,43.0,10.0,8.0
6,5,4,OO,SEA,WA,GEG,WA,15.75,-7.0,0.0,0.0,-1.0,17.0,75.0,224.0,1,50.0,75.0,41.0,10.0,11.0
6,5,4,OO,SEA,WA,GEG,WA,17.57,-4.0,0.0,0.0,-1.0,18.75,71.0,224.0,1,49.0,75.0,40.0,10.0,14.0
6,5,4,OO,SEA,WA,GEG,WA,19.83,26.0,26.0,1.0,1.0,21.08,75.0,224.0,1,50.0,69.0,51.0,10.0,9.0
6,5,4,OO,SEA,WA,GEG,WA,22.92,-4.0,0.0,0.0,-1.0,0.08,70.0,224.0,1,51.0,66.0,59.0,10.0,8.0
6,5,4,OO,SEA,WA,GTF,MT,13.77,5.0,5.0,0.0,0.0,16.48,103.0,512.0,3,49.0,73.0,43.0,10.0,8.0
6,5,4,OO,SEA,WA,LAX,CA,8.0,-5.0,0.0,0.0,-1.0,11.23,194.0,954.0,4,52.0,58.0,81.0,10.0,5.0
6,5,4,OO,SEA,WA,LAX,CA,14.67,-10.0,0.0,0.0,-1.0,17.57,174.0,954.0,4,49.0,75.0,40.0,10.0,8.0
6,5,4,OO,SEA,WA,LWS,ID,19.75,17.0,17.0,1.0,1.0,21.05,78.0,261.0,2,50.0,69.0,51.0,10.0,9.0
6,5,4,OO,SEA,WA,MFR,OR,9.58,-10.0,0.0,0.0,-1.0,11.17,95.0,352.0,2,52.0,61.0,72.0,10.0,7.0
6,5,4,OO,SEA,WA,MFR,OR,14.42,54.0,54.0,1.0,3.0,16.03,97.0,352.0,2,49.0,75.0,40.0,10.0,8.0
6,5,4,OO,SEA,WA,MFR,OR,21.67,1.0,1.0,0.0,0.0,23.15,89.0,352.0,2,50.0,66.0,56.0,10.0,11.0
6,5,4,OO,SEA,WA,MRY,CA,15.67,34.0,34.0,1.0,2.0,18.05,143.0,750.0,4,50.0,75.0,41.0,10.0,11.0
6,5,4,OO,SEA,WA,OAK,CA,9.92,33.0,33.0,1.0,2.0,12.13,133.0,672.0,3,52.0,61.0,72.0,10.0,7.0
6,5,4,OO,SEA,WA,ONT,CA,8.33,-6.0,0.0,0.0,-1.0,11.07,164.0,956.0,4,52.0,58.0,81.0,10.0,5.0
6,5,4,OO,SEA,WA,ONT,CA,11.5,14.0,14.0,0.0,0.0,14.25,165.0,956.0,4,52.0,68.0,57.0,10.0,9.0
6,5,4,OO,SEA,WA,ONT,CA,15.58,16.0,16.0,1.0,1.0,18.33,165.0,956.0,4,50.0,75.0,41.0,10.0,11.0
6,5,4,OO,SEA,WA,ONT,CA,19.92,-10.0,0.0,0.0,-1.0,22.58,160.0,956.0,4,50.0,69.0,51.0,10.0,9.0
6,5,4,OO,SEA,WA,PDX,OR,7.42,-9.0,0.0,0.0,-1.0,8.5,65.0,129.0,1,51.0,57.0,81.0,10.0,6.0
6,5,4,OO,SEA,WA,PDX,OR,9.65,52.0,52.0,1.0,3.0,10.75,66.0,129.0,1,52.0,61.0,72.0,10.0,7.0
6,5,4,OO,SEA,WA,PDX,OR,11.58,58.0,58.0,1.0,3.0,12.68,66.0,129.0,1,52.0,68.0,57.0,10.0,9.0
6,5,4,OO,SEA,WA,PDX,OR,12.97,21.0,21.0,1.0,1.0,13.95,59.0,129.0,1,51.0,71.0,49.0,10.0,13.0
6,5,4,OO,SEA,WA,PDX,OR,13.75,5.0,5.0,0.0,0.0,14.83,65.0,129.0,1,49.0,73.0,43.0,10.0,8.0
6,5,4,OO,SEA,WA,PDX,OR,15.92,18.0,18.0,1.0,1.0,16.98,64.0,129.0,1,50.0,75.0,41.0,10.0,11.0
6,5,4,OO,SEA,WA,PDX,OR,16.0,2.0,2.0,0.0,0.0,17.0,60.0,129.0,1,50.0,77.0,39.0,10.0,10.0
6,5,4,OO,SEA,WA,PDX,OR,18.33,-6.0,0.0,0.0,-1.0,19.33,60.0,129.0,1,48.0,73.0,41.0,10.0,8.0
6,5,4,OO,SEA,WA,PDX,OR,23.17,-10.0,0.0,0.0,-1.0,0.17,60.0,129.0,1,50.0,65.0,59.0,10.0,9.0
6,5,4,OO,SEA,WA,PHX,AZ,6.5,-1.0,0.0,0.0,-1.0,9.53,182.0,1107.0,5,51.0,54.0,90.0,5.0,0.0
6,5,4,OO,SEA,WA,PHX,AZ,17.67,8.0,8.0,0.0,0.0,20.87,192.0,1107.0,5,49.0,75.0,40.0,10.0,14.0
6,5,4,OO,SEA,WA,PSC,WA,9.75,-1.0,0.0,0.0,-1.0,10.97,73.0,172.0,1,52.0,61.0,72.0,10.0,7.0
6,5,4,OO,SEA,WA,PSC,WA,9.93,-6.0,0.0,0.0,-1.0,11.03,66.0,172.0,1,52.0,61.0,72.0,10.0,7.0
6,5,4,OO,SEA,WA,PSC,WA,14.2,-2.0,0.0,0.0,-1.0,15.2,60.0,172.0,1,49.0,75.0,40.0,10.0,8.0
6,5,4,OO,SEA,WA,PSC,WA,15.42,-9.0,0.0,0.0,-1.0,16.48,64.0,172.0,1,50.0,75.0,41.0,10.0,11.0
6,5,4,OO,SEA,WA,PSC,WA,22.25,-10.0,0.0,0.0,-1.0,23.33,65.0,172.0,1,51.0,66.0,59.0,10.0,8.0
6,5,4,OO,SEA,WA,PSC,WA,22.9,0.0,0.0,0.0,0.0,23.98,65.0,172.0,1,51.0,66.0,59.0,10.0,8.0
6,5,4,OO,SEA,WA,PSP,CA,18.67,3.0,3.0,0.0,0.0,21.48,169.0,987.0,4,48.0,73.0,41.0,10.0,8.0
6,5,4,OO,SEA,WA,RDD,CA,16.98,4.0,4.0,0.0,0.0,18.6,97.0,479.0,2,50.0,77.0,39.0,10.0,10.0
6,5,4,OO,SEA,WA,RDM,OR,9.42,-4.0,0.0,0.0,-1.0,10.67,75.0,228.0,1,52.0,61.0,72.0,10.0,7.0
6,5,4,OO,SEA,WA,RDM,OR,17.57,-5.0,0.0,0.0,-1.0,18.82,75.0,228.0,1,49.0,75.0,40.0,10.0,14.0
6,5,4,OO,SEA,WA,RDM,OR,17.75,13.0,13.0,0.0,0.0,18.85,66.0,228.0,1,49.0,75.0,40.0,10.0,14.0
6,5,4,OO,SEA,WA,RDM,OR,21.67,-7.0,0.0,0.0,-1.0,22.93,76.0,228.0,1,50.0,66.0,56.0,10.0,11.0
6,5,4,OO,SEA,WA,SBA,CA,8.08,44.0,44.0,1.0,2.0,10.55,148.0,908.0,4,52.0,58.0,81.0,10.0,5.0
6,5,4,OO,SEA,WA,SFO,CA,6.25,-10.0,0.0,0.0,-1.0,8.47,133.0,679.0,3,51.0,54.0,90.0,5.0,0.0
6,5,4,OO,SEA,WA,SFO,CA,13.67,-2.0,0.0,0.0,-1.0,15.92,135.0,679.0,3,49.0,73.0,43.0,10.0,8.0
6,5,4,OO,SEA,WA,SFO,CA,17.58,79.0,79.0,1.0,5.0,19.92,140.0,679.0,3,49.0,75.0,40.0,10.0,14.0
6,5,4,OO,SEA,WA,SFO,CA,17.75,-7.0,0.0,0.0,-1.0,20.02,136.0,679.0,3,49.0,75.0,40.0,10.0,14.0
6,5,4,OO,SEA,WA,SJC,CA,7.0,-7.0,0.0,0.0,-1.0,9.2,132.0,696.0,3,51.0,57.0,81.0,10.0,6.0
6,5,4,OO,SEA,WA,SJC,CA,8.82,-9.0,0.0,0.0,-1.0,11.07,135.0,696.0,3,52.0,58.0,81.0,10.0,5.0
6,5,4,OO,SEA,WA,SJC,CA,11.5,-1.0,0.0,0.0,-1.0,13.75,135.0,696.0,3,52.0,68.0,57.0,10.0,9.0
6,5,4,OO,SEA,WA,SJC,CA,15.25,-8.0,0.0,0.0,-1.0,17.47,133.0,696.0,3,50.0,75.0,41.0,10.0,11.0
6,5,4,OO,SEA,WA,SJC,CA,19.83,-6.0,0.0,0.0,-1.0,22.1,136.0,696.0,3,50.0,69.0,51.0,10.0,9.0
6,5,4,OO,SEA,WA,SLC,UT,19.28,28.0,28.0,1.0,1.0,22.32,122.0,689.0,3,50.0,69.0,51.0,10.0,9.0
6,5,4,OO,SEA,WA,SLC,UT,20.28,0.0,0.0,0.0,0.0,23.3,121.0,689.0,3,51.0,66.0,59.0,10.0,8.0
6,5,4,OO,SEA,WA,SMF,CA,8.13,-8.0,0.0,0.0,-1.0,9.95,109.0,605.0,3,52.0,58.0,81.0,10.0,5.0
6,5,4,OO,SEA,WA,SMF,CA,8.58,-5.0,0.0,0.0,-1.0,10.55,118.0,605.0,3,52.0,58.0,81.0,10.0,5.0
6,5,4,OO,SEA,WA,SMF,CA,9.67,-7.0,0.0,0.0,-1.0,11.72,123.0,605.0,3,52.0,61.0,72.0,10.0,7.0
6,5,4,OO,SEA,WA,SMF,CA,14.17,15.0,15.0,1.0,1.0,16.17,120.0,605.0,3,49.0,75.0,40.0,10.0,8.0
6,5,4,OO,SEA,WA,SMF,CA,17.67,-9.0,0.0,0.0,-1.0,19.58,115.0,605.0,3,49.0,75.0,40.0,10.0,14.0
6,5,4,OO,SEA,WA,SMF,CA,19.83,-7.0,0.0,0.0,-1.0,21.82,119.0,605.0,3,50.0,69.0,51.0,10.0,9.0
6,5,4,OO,SEA,WA,SNA,CA,12.5,1.0,1.0,0.0,0.0,15.42,175.0,978.0,4,51.0,71.0,49.0,10.0,13.0
6,5,4,OO,SEA,WA,SNA,CA,19.58,15.0,15.0,1.0,1.0,22.45,172.0,978.0,4,50.0,69.0,51.0,10.0,9.0
6,5,4,OO,SEA,WA,STS,CA,11.33,56.0,56.0,1.0,3.0,13.42,125.0,618.0,3,52.0,68.0,57.0,10.0,9.0
6,5,4,OO,SEA,WA,TUS,AZ,8.92,-6.0,0.0,0.0,-1.0,12.1,191.0,1216.0,5,52.0,58.0,81.0,10.0,5.0
6,5,4,OO,SEA,WA,TUS,AZ,18.28,-2.0,0.0,0.0,-1.0,21.53,195.0,1216.0,5,48.0,73.0,41.0,10.0,8.0
6,5,4,UA,GEG,WA,DEN,CO,5.5,-11.0,0.0,0.0,-1.0,8.78,137.0,836.0,4,43.0,56.0,62.0,10.0,3.0
6,5,4,UA,GEG,WA,DEN,CO,13.62,41.0,41.0,1.0,2.0,16.88,136.0,836.0,4,34.0,77.0,21.0,10.0,0.0
6,5,4,UA,GEG,WA,DEN,CO,18.0,122.0,122.0,1.0,8.0,21.33,140.0,836.0,4,33.0,77.0,20.0,10.0,7.0
6,5,4,UA,PSC,WA,DEN,CO,5.25,2.0,2.0,0.0,0.0,8.67,145.0,852.0,4,52.0,56.0,87.0,10.0,0.0
6,5,4,UA,SEA,WA,DEN,CO,5.25,-8.0,0.0,0.0,-1.0,8.97,163.0,1024.0,5,51.0,52.0,97.0,2.0,0.0
6,5,4,UA,SEA,WA,DEN,CO,8.97,-3.0,0.0,0.0,-1.0,12.73,166.0,1024.0,5,52.0,58.0,81.0,10.0,5.0
6,5,4,UA,SEA,WA,DEN,CO,10.83,-4.0,0.0,0.0,-1.0,14.6,166.0,1024.0,5,53.0,65.0,66.0,10.0,9.0
6,5,4,UA,SEA,WA,DEN,CO,12.73,8.0,8.0,0.0,0.0,16.58,171.0,1024.0,5,51.0,71.0,49.0,10.0,13.0
6,5,4,UA,SEA,WA,DEN,CO,14.5,5.0,5.0,0.0,0.0,18.33,170.0,1024.0,5,49.0,75.0,40.0,10.0,8.0
6,5,4,UA,SEA,WA,DEN,CO,15.58,292.0,292.0,1.0,12.0,19.45,172.0,1024.0,5,50.0,75.0,41.0,10.0,11.0
6,5,4,UA,SEA,WA,DEN,CO,19.98,-1.0,0.0,0.0,-1.0,23.83,171.0,1024.0,5,50.0,69.0,51.0,10.0,9.0
6,5,4,UA,SEA,WA,EWR,NJ,14.08,13.0,13.0,0.0,0.0,22.5,325.0,2402.0,10,49.0,75.0,40.0,10.0,8.0
6,5,4,UA,SEA,WA,EWR,NJ,23.62,59.0,59.0,1.0,3.0,7.8,311.0,2402.0,10,50.0,65.0,59.0,10.0,9.0
6,5,4,UA,SEA,WA,IAD,VA,8.0,-7.0,0.0,0.0,-1.0,16.18,311.0,2306.0,10,52.0,58.0,81.0,10.0,5.0
6,5,4,UA,SEA,WA,IAD,VA,12.92,2.0,2.0,0.0,0.0,21.03,307.0,2306.0,10,51.0,71.0,49.0,10.0,13.0
6,5,4,UA,SEA,WA,IAD,VA,22.25,3.0,3.0,0.0,0.0,6.2,297.0,2306.0,10,51.0,66.0,59.0,10.0,8.0
6,5,4,UA,SEA,WA,IAD,VA,23.38,-4.0,0.0,0.0,-1.0,7.33,297.0,2306.0,10,50.0,65.0,59.0,10.0,9.0
6,5,4,UA,SEA,WA,IAH,TX,5.0,-8.0,0.0,0.0,-1.0,11.32,259.0,1874.0,8,51.0,52.0,97.0,2.0,0.0
6,5,4,UA,SEA,WA,IAH,TX,7.17,0.0,0.0,0.0,0.0,13.65,269.0,1874.0,8,51.0,57.0,81.0,10.0,6.0
6,5,4,UA,SEA,WA,IAH,TX,12.0,-7.0,0.0,0.0,-1.0,18.47,268.0,1874.0,8,51.0,71.0,49.0,10.0,13.0
6,5,4,UA,SEA,WA,IAH,TX,17.08,-8.0,0.0,0.0,-1.0,23.42,260.0,1874.0,8,49.0,75.0,40.0,10.0,14.0
6,5,4,UA,SEA,WA,IAH,TX,23.98,-3.0,0.0,0.0,-1.0,6.28,258.0,1874.0,8,50.0,65.0,59.0,10.0,9.0
6,5,4,UA,SEA,WA,LAX,CA,6.42,-5.0,0.0,0.0,-1.0,9.33,175.0,954.0,4,51.0,54.0,90.0,5.0,0.0
6,5,4,UA,SEA,WA,LAX,CA,17.23,-6.0,0.0,0.0,-1.0,20.08,171.0,954.0,4,49.0,75.0,40.0,10.0,14.0
6,5,4,UA,SEA,WA,ORD,IL,7.0,-7.0,0.0,0.0,-1.0,13.23,254.0,1721.0,7,51.0,57.0,81.0,10.0,6.0
6,5,4,UA,SEA,WA,ORD,IL,10.92,-10.0,0.0,0.0,-1.0,17.07,249.0,1721.0,7,53.0,65.0,66.0,10.0,9.0
6,5,4,UA,SEA,WA,ORD,IL,13.82,-8.0,0.0,0.0,-1.0,20.08,256.0,1721.0,7,49.0,73.0,43.0,10.0,8.0
6,5,4,UA,SEA,WA,ORD,IL,17.43,-6.0,0.0,0.0,-1.0,23.55,247.0,1721.0,7,49.0,75.0,40.0,10.0,14.0
6,5,4,UA,SEA,WA,ORD,IL,23.83,38.0,38.0,1.0,2.0,5.88,243.0,1721.0,7,50.0,65.0,59.0,10.0,9.0
6,5,4,UA,SEA,WA,SFO,CA,5.08,-9.0,0.0,0.0,-1.0,7.28,132.0,679.0,3,51.0,52.0,97.0,2.0,0.0
6,5,4,UA,SEA,WA,SFO,CA,7.33,0.0,0.0,0.0,0.0,9.7,142.0,679.0,3,51.0,57.0,81.0,10.0,6.0
6,5,4,UA,SEA,WA,SFO,CA,9.75,-12.0,0.0,0.0,-1.0,12.02,136.0,679.0,3,52.0,61.0,72.0,10.0,7.0
6,5,4,UA,SEA,WA,SFO,CA,12.58,3.0,3.0,0.0,0.0,14.9,139.0,679.0,3,51.0,71.0,49.0,10.0,13.0
6,5,4,UA,SEA,WA,SFO,CA,14.83,-12.0,0.0,0.0,-1.0,17.1,136.0,679.0,3,49.0,75.0,40.0,10.0,8.0
6,5,4,UA,SEA,WA,SFO,CA,19.45,-12.0,0.0,0.0,-1.0,21.72,136.0,679.0,3,50.0,69.0,51.0,10.0,9.0
6,5,4,WN,GEG,WA,DEN,CO,5.0,-5.0,0.0,0.0,-1.0,8.17,130.0,836.0,4,43.0,56.0,62.0,10.0,3.0
6,5,4,WN,GEG,WA,DEN,CO,9.92,10.0,10.0,0.0,0.0,13.17,135.0,836.0,4,40.0,72.0,31.0,10.0,3.0
6,5,4,WN,GEG,WA,DEN,CO,16.17,111.0,111.0,1.0,7.0,19.5,140.0,836.0,4,31.0,79.0,17.0,10.0,7.0
6,5,4,WN,GEG,WA,LAS,NV,5.67,-5.0,0.0,0.0,-1.0,8.0,140.0,806.0,4,43.0,56.0,62.0,10.0,3.0
6,5,4,WN,GEG,WA,LAS,NV,14.67,-4.0,0.0,0.0,-1.0,17.0,140.0,806.0,4,31.0,80.0,17.0,10.0,10.0
6,5,4,WN,GEG,WA,MDW,IL,7.25,-1.0,0.0,0.0,-1.0,12.67,205.0,1511.0,7,43.0,63.0,48.0,10.0,5.0
6,5,4,WN,GEG,WA,OAK,CA,10.17,-3.0,0.0,0.0,-1.0,12.25,125.0,723.0,3,37.0,74.0,26.0,10.0,5.0
6,5,4,WN,GEG,WA,OAK,CA,18.08,104.0,104.0,1.0,6.0,20.17,125.0,723.0,3,33.0,77.0,20.0,10.0,7.0
6,5,4,WN,GEG,WA,PHX,AZ,6.17,0.0,0.0,0.0,0.0,8.75,155.0,1020.0,5,43.0,58.0,58.0,10.0,5.0
6,5,4,WN,GEG,WA,SJC,CA,11.83,4.0,4.0,0.0,0.0,14.0,130.0,742.0,3,34.0,76.0,22.0,10.0,6.0
6,5,4,WN,GEG,WA,SMF,CA,12.33,-3.0,0.0,0.0,-1.0,14.17,110.0,649.0,3,36.0,78.0,22.0,10.0,7.0
6,5,4,WN,GEG,WA,SMF,CA,21.08,-8.0,0.0,0.0,-1.0,22.92,110.0,649.0,3,38.0,68.0,33.0,10.0,9.0
6,5,4,WN,SEA,WA,BNA,TN,22.67,134.0,134.0,1.0,8.0,5.0,260.0,1978.0,8,51.0,66.0,59.0,10.0,8.0
6,5,4,WN,SEA,WA,BWI,MD,21.17,2.0,2.0,0.0,0.0,5.17,300.0,2335.0,10,50.0,66.0,56.0,10.0,11.0
6,5,4,WN,SEA,WA,DAL,TX,14.08,8.0,8.0,0.0,0.0,20.08,240.0,1670.0,7,49.0,75.0,40.0,10.0,8.0
6,5,4,WN,SEA,WA,DEN,CO,5.0,-3.0,0.0,0.0,-1.0,8.58,155.0,1024.0,5,51.0,52.0,97.0,2.0,0.0
6,5,4,WN,SEA,WA,DEN,CO,8.08,-1.0,0.0,0.0,-1.0,11.75,160.0,1024.0,5,52.0,58.0,81.0,10.0,5.0
6,5,4,WN,SEA,WA,DEN,CO,13.17,39.0,39.0,1.0,2.0,17.0,170.0,1024.0,5,49.0,73.0,43.0,10.0,8.0
6,5,4,WN,SEA,WA,DEN,CO,15.75,69.0,69.0,1.0,4.0,19.5,165.0,1024.0,5,50.0,75.0,41.0,10.0,11.0
6,5,4,WN,SEA,WA,DEN,CO,19.83,255.0,255.0,1.0,12.0,23.5,160.0,1024.0,5,50.0,69.0,51.0,10.0,9.0
6,5,4,WN,SEA,WA,HOU,TX,22.67,30.0,30.0,1.0,2.0,5.0,260.0,1894.0,8,51.0,66.0,59.0,10.0,8.0
6,5,4,WN,SEA,WA,LAS,NV,7.5,-7.0,0.0,0.0,-1.0,10.25,165.0,867.0,4,51.0,57.0,81.0,10.0,6.0
6,5,4,WN,SEA,WA,LAS,NV,15.08,57.0,57.0,1.0,3.0,17.67,155.0,867.0,4,50.0,75.0,41.0,10.0,11.0
6,5,4,WN,SEA,WA,LAS,NV,18.25,21.0,21.0,1.0,1.0,21.0,165.0,867.0,4,48.0,73.0,41.0,10.0,8.0
6,5,4,WN,SEA,WA,MDW,IL,6.75,0.0,0.0,0.0,0.0,12.67,235.0,1733.0,7,51.0,54.0,90.0,5.0,0.0
6,5,4,WN,SEA,WA,MDW,IL,13.25,106.0,106.0,1.0,7.0,19.25,240.0,1733.0,7,49.0,73.0,43.0,10.0,8.0
6,5,4,WN,SEA,WA,MDW,IL,22.92,36.0,36.0,1.0,2.0,5.0,245.0,1733.0,7,51.0,66.0,59.0,10.0,8.0
6,5,4,WN,SEA,WA,OAK,CA,10.08,112.0,112.0,1.0,7.0,12.25,130.0,672.0,3,53.0,65.0,66.0,10.0,9.0
6,5,4,WN,SEA,WA,OAK,CA,12.92,44.0,44.0,1.0,2.0,15.17,135.0,672.0,3,51.0,71.0,49.0,10.0,13.0
6,5,4,WN,SEA,WA,OAK,CA,17.92,3.0,3.0,0.0,0.0,20.17,135.0,672.0,3,49.0,75.0,40.0,10.0,14.0
6,5,4,WN,SEA,WA,OAK,CA,19.5,116.0,116.0,1.0,7.0,21.67,130.0,672.0,3,50.0,69.0,51.0,10.0,9.0
6,5,4,WN,SEA,WA,PHX,AZ,6.5,-2.0,0.0,0.0,-1.0,9.25,165.0,1107.0,5,51.0,54.0,90.0,5.0,0.0
6,5,4,WN,SEA,WA,PHX,AZ,10.58,2.0,2.0,0.0,0.0,13.5,175.0,1107.0,5,53.0,65.0,66.0,10.0,9.0
6,5,4,WN,SEA,WA,PHX,AZ,15.75,100.0,100.0,1.0,6.0,18.75,180.0,1107.0,5,50.0,75.0,41.0,10.0,11.0
6,5,4,WN,SEA,WA,PHX,AZ,20.92,-2.0,0.0,0.0,-1.0,23.92,180.0,1107.0,5,51.0,66.0,59.0,10.0,8.0
6,5,4,WN,SEA,WA,SJC,CA,6.25,-10.0,0.0,0.0,-1.0,8.42,130.0,696.0,3,51.0,54.0,90.0,5.0,0.0
6,5,4,WN,SEA,WA,SJC,CA,11.25,66.0,66.0,1.0,4.0,13.5,135.0,696.0,3,52.0,68.0,57.0,10.0,9.0
6,5,4,WN,SEA,WA,SJC,CA,17.08,-1.0,0.0,0.0,-1.0,19.33,135.0,696.0,3,49.0,75.0,40.0,10.0,14.0
6,5,4,WN,SEA,WA,SJC,CA,19.83,5.0,5.0,0.0,0.0,22.08,135.0,696.0,3,50.0,69.0,51.0,10.0,9.0
6,5,4,WN,SEA,WA,SMF,CA,5.5,-5.0,0.0,0.0,-1.0,7.25,105.0,605.0,3,51.0,52.0,97.0,2.0,0.0
6,5,4,WN,SEA,WA,SMF,CA,9.0,1.0,1.0,0.0,0.0,10.83,110.0,605.0,3,52.0,61.0,72.0,10.0,7.0
6,5,4,WN,SEA,WA,SMF,CA,14.58,10.0,10.0,0.0,0.0,16.42,110.0,605.0,3,49.0,75.0,40.0,10.0,8.0
6,5,4,WN,SEA,WA,SMF,CA,18.5,4.0,4.0,0.0,0.0,20.42,115.0,605.0,3,48.0,73.0,41.0,10.0,8.0
6,5,4,WN,SEA,WA,SMF,CA,21.0,187.0,187.0,1.0,12.0,22.75,105.0,605.0,3,50.0,66.0,56.0,10.0,11.0
